new_cation,new_anion,IL_SMILES,Experimental logEC50,MolecularFormula,C,H,N,O,S,P,F,Cl,Br,I
CCCCn1cc[n+](C)c1,N#C[N-]C#N,CCCCn1cc[n+](C)c1.N#C[N-]C#N,3.15,C10H15N5,10.0,15.0,5.0,0.0,0.0,0.0,0.0,0.0,0.0,0.0
CCC[N+]1(C)CCCCC1,O=S(=O)([N-]S(=O)(=O)C(F)(F)F)C(F)(F)F,CCC[N+]1(C)CCCCC1.O=S(=O)([N-]S(=O)(=O)C(F)(F)F)C(F)(F)F,3.16,C11H20F6N2O4S2,11.0,20.0,2.0,4.0,2.0,0.0,6.0,0.0,0.0,0.0
CCCCn1cc[n+](C)c1,COS(=O)(=O)[O-],CCCCn1cc[n+](C)c1.COS(=O)(=O)[O-],3.212187604,C9H18N2O4S,9.0,18.0,2.0,4.0,1.0,0.0,0.0,0.0,0.0,0.0
C[N+]1=CN(C)C=C1,O=S(=O)(NS(=O)(=O)C(F)(F)F)C(F)(F)F,O=S(C(F)(F)F)([N-]S(=O)(C(F)(F)F)=O)=O.C[N+]1=CN(C)C=C1,3.5,C7H9F6N3O4S2,7.0,9.0,3.0,4.0,2.0,0.0,6.0,0.0,0.0,0.0
C[N+]1(CC#N)CCCCC1,[Cl-],C[N+]1(CC#N)CCCCC1.[Cl-],4.58,C8H15ClN2,8.0,15.0,2.0,0.0,0.0,0.0,0.0,1.0,0.0,0.0
C[n+]1ccn(Cc2ccccc2)c1,F[B-](F)(F)F,C[n+]1ccn(Cc2ccccc2)c1.F[B-](F)(F)F,2.97,C11H13BF4N2,11.0,13.0,2.0,0.0,0.0,0.0,4.0,0.0,0.0,0.0
CCOC[N+](C)(C)CC,O=S(=O)([N-]S(=O)(=O)C(F)(F)F)C(F)(F)F,CCOC[N+](C)(C)CC.O=S(=O)([N-]S(=O)(=O)C(F)(F)F)C(F)(F)F,3.8,C9H18F6N2O5S2,9.0,18.0,2.0,5.0,2.0,0.0,6.0,0.0,0.0,0.0
COCC[N+]1(C)CCCC1,FC(F)(F)C(F)(F)[P-](F)(F)(F)(C(F)(F)C(F)(F)F)C(F)(F)C(F)(F)F,COCC[N+]1(C)CCCC1.FC(F)(F)C(F)(F)[P-](F)(F)(F)(C(F)(F)C(F)(F)F)C(F)(F)C(F)(F)F,2.16,C14H18F18NOP,14.0,18.0,1.0,1.0,0.0,1.0,18.0,0.0,0.0,0.0
CCOCC[N+]1(C)CCCCC1,O=S(=O)([N-]S(=O)(=O)C(F)(F)F)C(F)(F)F,CCOCC[N+]1(C)CCCCC1.O=S(=O)([N-]S(=O)(=O)C(F)(F)F)C(F)(F)F,3.34,C12H22F6N2O5S2,12.0,22.0,2.0,5.0,2.0,0.0,6.0,0.0,0.0,0.0
CCCCn1cc[n+](C)c1,[Cl-],CCCCn1cc[n+](C)c1.[Cl-],3.553883027,C8H15ClN2,8.0,15.0,2.0,0.0,0.0,0.0,0.0,1.0,0.0,0.0
CCOC[N+]1(C)CCOCC1,O=S(=O)([N-]S(=O)(=O)C(F)(F)F)C(F)(F)F,CCOC[N+]1(C)CCOCC1.O=S(=O)([N-]S(=O)(=O)C(F)(F)F)C(F)(F)F,3.36,C10H18F6N2O6S2,10.0,18.0,2.0,6.0,2.0,0.0,6.0,0.0,0.0,0.0
OCC[n+]1ccccc1,O=S(=O)([N-]S(=O)(=O)C(F)(F)F)C(F)(F)F,OCC[n+]1ccccc1.O=S(=O)([N-]S(=O)(=O)C(F)(F)F)C(F)(F)F,3.79,C9H10F6N2O5S2,9.0,10.0,2.0,5.0,2.0,0.0,6.0,0.0,0.0,0.0
C[NH+](C)CCO,O=C([O-])CO,C[NH+](C)CCO.O=C([O-])CO,3.4,C6H15NO4,6.0,15.0,1.0,4.0,0.0,0.0,0.0,0.0,0.0,0.0
CC[n+]1ccccc1,[Cl-],CC[n+]1ccccc1.[Cl-],4.22,C7H10ClN,7.0,10.0,1.0,0.0,0.0,0.0,0.0,1.0,0.0,0.0
CCCCn1cc[n+](C)c1,O=S(=O)([N-]S(=O)(=O)C(F)(F)F)C(F)(F)F,CCCCn1cc[n+](C)c1.O=S(=O)([N-]S(=O)(=O)C(F)(F)F)C(F)(F)F,2.68,C10H15F6N3O4S2,10.0,15.0,3.0,4.0,2.0,0.0,6.0,0.0,0.0,0.0
C[N+]1(CCO)CCCCC1,[I-],C[N+]1(CCO)CCCCC1.[I-],4.58,C8H18INO,8.0,18.0,1.0,1.0,0.0,0.0,0.0,0.0,0.0,1.0
COCC[NH2+]CCOC,NS(=O)(=O)[O-],COCC[NH2+]CCOC.NS(=O)(=O)[O-],3.48,C6H18N2O5S,6.0,18.0,2.0,5.0,1.0,0.0,0.0,0.0,0.0,0.0
CCCC[N+]1(C)CCOCC1,O=S(=O)([N-]S(=O)(=O)C(F)(F)F)C(F)(F)F,CCCC[N+]1(C)CCOCC1.O=S(=O)([N-]S(=O)(=O)C(F)(F)F)C(F)(F)F,3.43,C11H20F6N2O5S2,11.0,20.0,2.0,5.0,2.0,0.0,6.0,0.0,0.0,0.0
CCCCCCn1cc[n+](C)c1,[Cl-],CCCCCCn1cc[n+](C)c1.[Cl-],2.82,C10H19ClN2,10.0,19.0,2.0,0.0,0.0,0.0,0.0,1.0,0.0,0.0
CCCCCC[n+]1ccc(N(C)C)cc1,[Cl-],CCCCCC[n+]1ccc(N(C)C)cc1.[Cl-],0.93,C13H23ClN2,13.0,23.0,2.0,0.0,0.0,0.0,0.0,1.0,0.0,0.0
CCCCCCCCn1cc[n+](C)c1,CCCCCCCCOS(=O)(=O)[O-],CCCCCCCCn1cc[n+](C)c1.CCCCCCCCOS(=O)(=O)[O-],1.525044807,C20H40N2O4S,20.0,40.0,2.0,4.0,1.0,0.0,0.0,0.0,0.0,0.0
C[N+]1(Cc2ccccc2)CCOCC1,O=C([O-])C=CC(=O)O,C[N+]1(Cc2ccccc2)CCOCC1.O=C([O-])C=CC(=O)O,3.35,C16H21NO5,16.0,21.0,1.0,5.0,0.0,0.0,0.0,0.0,0.0,0.0
CCCCCCCCCCCOC[n+]1cccc(O)c1,CC1=CC(=O)[N-]S(=O)(=O)O1,CCCCCCCCCCCOC[n+]1cccc(O)c1.CC1=CC(=O)[N-]S(=O)(=O)O1,1.6,C21H34N2O6S,21.0,34.0,2.0,6.0,1.0,0.0,0.0,0.0,0.0,0.0
CC[N+](CC)(CC)CC,c1ccc2c(c1)O[B-]1(O2)Oc2ccccc2O1,CC[N+](CC)(CC)CC.c1ccc2c(c1)O[B-]1(O2)Oc2ccccc2O1,1.17,C20H28BNO4,20.0,28.0,1.0,4.0,0.0,0.0,0.0,0.0,0.0,0.0
CCCCCCn1cc[n+](C)c1,F[P-](F)(F)(F)(F)F,CCCCCCn1cc[n+](C)c1.F[P-](F)(F)(F)(F)F,2.909020854,C10H19F6N2P,10.0,19.0,2.0,0.0,0.0,1.0,6.0,0.0,0.0,0.0
COCCC[N+]1(C)CCCCC1,[Cl-],COCCC[N+]1(C)CCCCC1.[Cl-],4.4,C10H22ClNO,10.0,22.0,1.0,1.0,0.0,0.0,0.0,1.0,0.0,0.0
CCCC[n+]1ccccc1,O=S(=O)([O-])C(F)(F)F,CCCC[n+]1ccccc1.O=S(=O)([O-])C(F)(F)F,3.66,C10H14F3NO3S,10.0,14.0,1.0,3.0,1.0,0.0,3.0,0.0,0.0,0.0
CCCCCCCCCCCOC[n+]1cccc(O)c1,O=C1[N-]S(=O)(=O)c2ccccc21,CCCCCCCCCCCOC[n+]1cccc(O)c1.O=C1[N-]S(=O)(=O)c2ccccc21,1.6,C24H34N2O5S,24.0,34.0,2.0,5.0,1.0,0.0,0.0,0.0,0.0,0.0
CCn1cc[n+](C)c1,COS(=O)(=O)[O-],CCn1cc[n+](C)c1.COS(=O)(=O)[O-],4.2,C7H14N2O4S,7.0,14.0,2.0,4.0,1.0,0.0,0.0,0.0,0.0,0.0
CCCCCCCCCn1cc[n+](C)c1,F[P-](F)(F)(F)(F)F,CCCCCCCCCn1cc[n+](C)c1.F[P-](F)(F)(F)(F)F,1.854913022,C13H25F6N2P,13.0,25.0,2.0,0.0,0.0,1.0,6.0,0.0,0.0,0.0
COCC[N+]1(C)CCCC1,[Cl-],COCC[N+]1(C)CCCC1.[Cl-],4.6,C8H18ClNO,8.0,18.0,1.0,1.0,0.0,0.0,0.0,1.0,0.0,0.0
CCn1cc[n+](C)c1,O=S(=O)([O-])C(F)(F)F,CCn1cc[n+](C)c1.O=S(=O)([O-])C(F)(F)F,4.09,C7H11F3N2O3S,7.0,11.0,2.0,3.0,1.0,0.0,3.0,0.0,0.0,0.0
CCCCCC[n+]1ccccc1,F[P-](F)(F)(F)(F)F,CCCCCC[n+]1ccccc1.F[P-](F)(F)(F)(F)F,2.51,C11H18F6NP,11.0,18.0,1.0,0.0,0.0,1.0,6.0,0.0,0.0,0.0
CCCC[N+]1(C)CCCC1,[Br-],CCCC[N+]1(C)CCCC1.[Br-],3.77,C9H20BrN,9.0,20.0,1.0,0.0,0.0,0.0,0.0,0.0,1.0,0.0
CCCCn1cc[n+](C)c1,FC(F)(F)[N-]C(F)(F)F,CCCCn1cc[n+](C)c1.FC(F)(F)[N-]C(F)(F)F,2.187520721,C10H15F6N3,10.0,15.0,3.0,0.0,0.0,0.0,6.0,0.0,0.0,0.0
CCCCn1cc[n+](C)c1,CS(=O)(=O)[O-],CCCCn1cc[n+](C)c1.CS(=O)(=O)[O-],3.511883361,C9H18N2O3S,9.0,18.0,2.0,3.0,1.0,0.0,0.0,0.0,0.0,0.0
OCC[NH+](CCO)CCO,CCCCC(=O)[O-],OCC[NH+](CCO)CCO.CCCCC(=O)[O-],3.530199698,C11H25NO5,11.0,25.0,1.0,5.0,0.0,0.0,0.0,0.0,0.0,0.0
CCCC[n+]1cccc(C)c1,N#C[N-]C#N,CCCC[n+]1cccc(C)c1.N#C[N-]C#N,3.46,C12H16N4,12.0,16.0,4.0,0.0,0.0,0.0,0.0,0.0,0.0,0.0
C[N+]1(Cc2ccccc2)CCOCC1,O=[N+]([O-])[O-],C[N+]1(Cc2ccccc2)CCOCC1.O=[N+]([O-])[O-],4.0,C12H18N2O4,12.0,18.0,2.0,4.0,0.0,0.0,0.0,0.0,0.0,0.0
C[N+]1(Cc2ccccc2)CCOCC1,CC(=O)[O-],C[N+]1(Cc2ccccc2)CCOCC1.CC(=O)[O-],4.1,C14H21NO3,14.0,21.0,1.0,3.0,0.0,0.0,0.0,0.0,0.0,0.0
CCCCn1cc[n+](C)c1,[I-],CCCCn1cc[n+](C)c1.[I-],3.481442629,C8H15IN2,8.0,15.0,2.0,0.0,0.0,0.0,0.0,0.0,0.0,1.0
C[n+]1ccn(CCCO)c1,O=S(=O)([N-]S(=O)(=O)C(F)(F)F)C(F)(F)F,C[n+]1ccn(CCCO)c1.O=S(=O)([N-]S(=O)(=O)C(F)(F)F)C(F)(F)F,3.6599162,C9H13F6N3O5S2,9.0,13.0,3.0,5.0,2.0,0.0,6.0,0.0,0.0,0.0
CC[S+](CC)CC,[Br-],CC[S+](CC)CC.[Br-],3.4,C6H15BrS,6.0,15.0,0.0,0.0,1.0,0.0,0.0,0.0,1.0,0.0
CCOCC[N+]1(C)CCCC1,[Br-],CCOCC[N+]1(C)CCCC1.[Br-],4.6,C9H20BrNO,9.0,20.0,1.0,1.0,0.0,0.0,0.0,0.0,1.0,0.0
COCCC[N+]1(C)CCCC1,O=S(=O)([N-]S(=O)(=O)C(F)(F)F)C(F)(F)F,COCCC[N+]1(C)CCCC1.O=S(=O)([N-]S(=O)(=O)C(F)(F)F)C(F)(F)F,3.4,C11H20F6N2O5S2,11.0,20.0,2.0,5.0,2.0,0.0,6.0,0.0,0.0,0.0
OCC[NH2+]CCO,CCCCC(=O)[O-],OCC[NH2+]CCO.CCCCC(=O)[O-],3.72427587,C9H21NO4,9.0,21.0,1.0,4.0,0.0,0.0,0.0,0.0,0.0,0.0
CCCC[n+]1cccc2ccccc21,F[B-](F)(F)F,CCCC[n+]1cccc2ccccc21.F[B-](F)(F)F,2.16,C13H16BF4N,13.0,16.0,1.0,0.0,0.0,0.0,4.0,0.0,0.0,0.0
C[n+]1ccn(CCc2ccccc2)c1,[Cl-],C[n+]1ccn(CCc2ccccc2)c1.[Cl-],3.3,C12H15ClN2,12.0,15.0,2.0,0.0,0.0,0.0,0.0,1.0,0.0,0.0
CCCCCC[n+]1ccccc1,O=S(=O)([N-]S(=O)(=O)C(F)(F)F)C(F)(F)F,CCCCCC[n+]1ccccc1.O=S(=O)([N-]S(=O)(=O)C(F)(F)F)C(F)(F)F,2.87,C13H18F6N2O4S2,13.0,18.0,2.0,4.0,2.0,0.0,6.0,0.0,0.0,0.0
C[N+]1(CCO)CCCC1,O=S(=O)([N-]S(=O)(=O)C(F)(F)F)C(F)(F)F,C[N+]1(CCO)CCCC1.O=S(=O)([N-]S(=O)(=O)C(F)(F)F)C(F)(F)F,3.72,C9H16F6N2O5S2,9.0,16.0,2.0,5.0,2.0,0.0,6.0,0.0,0.0,0.0
CCCC[N+]1(C)CCCC1,[Cl-],CCCC[N+]1(C)CCCC1.[Cl-],4.6,C9H20ClN,9.0,20.0,1.0,0.0,0.0,0.0,0.0,1.0,0.0,0.0
CCCCCC[n+]1cccc(C)c1,[Cl-],CCCCCC[n+]1cccc(C)c1.[Cl-],2.4,C12H20ClN,12.0,20.0,1.0,0.0,0.0,0.0,0.0,1.0,0.0,0.0
CCCCOC[n+]1cccc(O)c1,O=C1[N-]S(=O)(=O)c2ccccc21,CCCCOC[n+]1cccc(O)c1.O=C1[N-]S(=O)(=O)c2ccccc21,3.6,C17H20N2O5S,17.0,20.0,2.0,5.0,1.0,0.0,0.0,0.0,0.0,0.0
CCCCCCCOC[n+]1cccc(O)c1,[Cl-],CCCCCCCOC[n+]1cccc(O)c1.[Cl-],3.0,C13H22ClNO2,13.0,22.0,1.0,2.0,0.0,0.0,0.0,1.0,0.0,0.0
C[N+]1(Cc2ccccc2)CCOCC1,CC(O)C(=O)[O-],C[N+]1(Cc2ccccc2)CCOCC1.CC(O)C(=O)[O-],4.3,C15H23NO4,15.0,23.0,1.0,4.0,0.0,0.0,0.0,0.0,0.0,0.0
C[N+]1(CCCO)CCCC1,O=S(=O)([N-]S(=O)(=O)C(F)(F)F)C(F)(F)F,C[N+]1(CCCO)CCCC1.O=S(=O)([N-]S(=O)(=O)C(F)(F)F)C(F)(F)F,3.6,C10H18F6N2O5S2,10.0,18.0,2.0,5.0,2.0,0.0,6.0,0.0,0.0,0.0
CCCCCC[n+]1ccc(C)cc1,F[B-](F)(F)F,CCCCCC[n+]1ccc(C)cc1.F[B-](F)(F)F,2.17,C12H20BF4N,12.0,20.0,1.0,0.0,0.0,0.0,4.0,0.0,0.0,0.0
COCC[n+]1ccccc1,O=S(=O)([N-]S(=O)(=O)C(F)(F)F)C(F)(F)F,COCC[n+]1ccccc1.O=S(=O)([N-]S(=O)(=O)C(F)(F)F)C(F)(F)F,3.19,C10H12F6N2O5S2,10.0,12.0,2.0,5.0,2.0,0.0,6.0,0.0,0.0,0.0
C[N+]1(Cc2ccccc2)CCOCC1,CCCCCCCCCCCCOS(=O)(=O)[O-],C[N+]1(Cc2ccccc2)CCOCC1.CCCCCCCCCCCCOS(=O)(=O)[O-],2.4,C24H43NO5S,24.0,43.0,1.0,5.0,1.0,0.0,0.0,0.0,0.0,0.0
CCCCCCn1cc[n+](C)c1,[Cl-],CCCCCCn1cc[n+](C)c1.[Cl-],2.85,C10H19ClN2,10.0,19.0,2.0,0.0,0.0,0.0,0.0,1.0,0.0,0.0
CCC[n+]1ccccc1,O=S(=O)([N-]S(=O)(=O)C(F)(F)F)C(F)(F)F,CCC[n+]1ccccc1.O=S(=O)([N-]S(=O)(=O)C(F)(F)F)C(F)(F)F,3.2,C10H12F6N2O4S2,10.0,12.0,2.0,4.0,2.0,0.0,6.0,0.0,0.0,0.0
CCCC[n+]1ccccc1,F[P-](F)(F)(F)(F)F,CCCC[n+]1ccccc1.F[P-](F)(F)(F)(F)F,3.85,C9H14F6NP,9.0,14.0,1.0,0.0,0.0,1.0,6.0,0.0,0.0,0.0
C[N+](C)(C)CCO,CC(O)C(=O)[O-],C[N+](C)(C)CCO.CC(O)C(=O)[O-],4.6,C8H19NO4,8.0,19.0,1.0,4.0,0.0,0.0,0.0,0.0,0.0,0.0
CCOCC[N+](C)(C)CC,O=S(=O)([N-]S(=O)(=O)C(F)(F)F)C(F)(F)F,CCOCC[N+](C)(C)CC.O=S(=O)([N-]S(=O)(=O)C(F)(F)F)C(F)(F)F,3.27,C10H20F6N2O5S2,10.0,20.0,2.0,5.0,2.0,0.0,6.0,0.0,0.0,0.0
COCCC[N+]1(C)CCOCC1,O=S(=O)([N-]S(=O)(=O)C(F)(F)F)C(F)(F)F,COCCC[N+]1(C)CCOCC1.O=S(=O)([N-]S(=O)(=O)C(F)(F)F)C(F)(F)F,3.77,C11H20F6N2O6S2,11.0,20.0,2.0,6.0,2.0,0.0,6.0,0.0,0.0,0.0
CCn1cc[n+](C)c1,O=S(=O)([O-])O,CCn1cc[n+](C)c1.O=S(=O)([O-])O,3.99,C6H12N2O4S,6.0,12.0,2.0,4.0,1.0,0.0,0.0,0.0,0.0,0.0
CCCCCCn1cc[n+](C)c1C,F[B-](F)(F)F,CCCCCCn1cc[n+](C)c1C.F[B-](F)(F)F,1.9,C11H21BF4N2,11.0,21.0,2.0,0.0,0.0,0.0,4.0,0.0,0.0,0.0
C[N+]1(CCCO)CCCCC1,[Cl-],C[N+]1(CCCO)CCCCC1.[Cl-],4.6,C9H20ClNO,9.0,20.0,1.0,1.0,0.0,0.0,0.0,1.0,0.0,0.0
CCCCn1cc[n+](CC)c1,F[B-](F)(F)F,CCCCn1cc[n+](CC)c1.F[B-](F)(F)F,3.257678575,C9H17BF4N2,9.0,17.0,2.0,0.0,0.0,0.0,4.0,0.0,0.0,0.0
NCCN1C=CCC=C1,[Cl-],NCC[N+]1=CC=CC=C1.[Cl-],3.79,C7H11ClN2,7.0,11.0,2.0,0.0,0.0,0.0,0.0,1.0,0.0,0.0
CCCCn1cc[n+](C)c1,F[B-](F)(F)F,CCCCn1cc[n+](C)c1.F[B-](F)(F)F,3.11,C8H15BF4N2,8.0,15.0,2.0,0.0,0.0,0.0,4.0,0.0,0.0,0.0
CCCCn1cc[n+](C)c1,Cc1ccc(S(=O)(=O)[O-])cc1,CCCCn1cc[n+](C)c1.Cc1ccc(S(=O)(=O)[O-])cc1,3.29,C15H22N2O3S,15.0,22.0,2.0,3.0,1.0,0.0,0.0,0.0,0.0,0.0
CCOC(=O)C[N+]1(C)CCCC1,[Br-],CCOC(=O)C[N+]1(C)CCCC1.[Br-],3.844477176,C9H18BrNO2,9.0,18.0,1.0,2.0,0.0,0.0,0.0,0.0,1.0,0.0
CCn1cc[n+](C)c1,COCCOCCOS(=O)(=O)[O-],CCn1cc[n+](C)c1.COCCOCCOS(=O)(=O)[O-],3.845718018,C11H22N2O6S,11.0,22.0,2.0,6.0,1.0,0.0,0.0,0.0,0.0,0.0
CCCCn1cc[n+](C)c1,F[B-](F)(F)F,CCCCn1cc[n+](C)c1.F[B-](F)(F)F,3.230448921,C8H15BF4N2,8.0,15.0,2.0,0.0,0.0,0.0,4.0,0.0,0.0,0.0
CCOC(=O)C[N+](C)(C)CC,O=S(=O)([N-]S(=O)(=O)C(F)(F)F)C(F)(F)F,CCOC(=O)C[N+](C)(C)CC.O=S(=O)([N-]S(=O)(=O)C(F)(F)F)C(F)(F)F,3.53,C10H18F6N2O6S2,10.0,18.0,2.0,6.0,2.0,0.0,6.0,0.0,0.0,0.0
CCCn1cc[n+](CC)c1,[Br-],CCCn1cc[n+](CC)c1.[Br-],3.6,C8H15BrN2,8.0,15.0,2.0,0.0,0.0,0.0,0.0,0.0,1.0,0.0
CCCCCCCC[n+]1cccc2ccccc21,[Br-],CCCCCCCC[n+]1cccc2ccccc21.[Br-],-0.03,C17H24BrN,17.0,24.0,1.0,0.0,0.0,0.0,0.0,0.0,1.0,0.0
CCCCn1cc[n+](C)c1,O=S(=O)([O-])C(F)(F)F,CCCCn1cc[n+](C)c1.O=S(=O)([O-])C(F)(F)F,3.0,C9H15F3N2O3S,9.0,15.0,2.0,3.0,1.0,0.0,3.0,0.0,0.0,0.0
CCOCCn1cc[n+](C)c1,[Br-],CCOCCn1cc[n+](C)c1.[Br-],4.139879086,C8H15BrN2O,8.0,15.0,2.0,1.0,0.0,0.0,0.0,0.0,1.0,0.0
C[n+]1ccn(CC#N)c1,O=S(=O)([N-]S(=O)(=O)C(F)(F)F)C(F)(F)F,C[n+]1ccn(CC#N)c1.O=S(=O)([N-]S(=O)(=O)C(F)(F)F)C(F)(F)F,3.900367129,C8H8F6N4O4S2,8.0,8.0,4.0,4.0,2.0,0.0,6.0,0.0,0.0,0.0
C[N+]1(CC#N)CCCC1,[Cl-],C[N+]1(CC#N)CCCC1.[Cl-],4.23,C7H13ClN2,7.0,13.0,2.0,0.0,0.0,0.0,0.0,1.0,0.0,0.0
CCn1cc[n+](C)c1,FC(F)(F)C(F)(F)[P-](F)(F)(F)(C(F)(F)C(F)(F)F)C(F)(F)C(F)(F)F,CCn1cc[n+](C)c1.FC(F)(F)C(F)(F)[P-](F)(F)(F)(C(F)(F)C(F)(F)F)C(F)(F)C(F)(F)F,2.0,C12H11F18N2P,12.0,11.0,2.0,0.0,0.0,1.0,18.0,0.0,0.0,0.0
OCC[NH2+]CCO,CC(=O)[O-],OCC[NH2+]CCO.CC(=O)[O-],4.032215703,C6H15NO4,6.0,15.0,1.0,4.0,0.0,0.0,0.0,0.0,0.0,0.0
CCCCCCCCn1cc[n+](C)c1,O=S(=O)([N-]S(=O)(=O)C(F)(F)F)C(F)(F)F,CCCCCCCCn1cc[n+](C)c1.O=S(=O)([N-]S(=O)(=O)C(F)(F)F)C(F)(F)F,1.64,C14H23F6N3O4S2,14.0,23.0,3.0,4.0,2.0,0.0,6.0,0.0,0.0,0.0
C[N+]1(CCO)CCOCC1,O=S(=O)([N-]S(=O)(=O)C(F)(F)F)C(F)(F)F,C[N+]1(CCO)CCOCC1.O=S(=O)([N-]S(=O)(=O)C(F)(F)F)C(F)(F)F,3.18,C9H16F6N2O6S2,9.0,16.0,2.0,6.0,2.0,0.0,6.0,0.0,0.0,0.0
CC[S+](C)CC,O=S(=O)([N-]S(=O)(=O)C(F)(F)F)C(F)(F)F,CC[S+](C)CC.O=S(=O)([N-]S(=O)(=O)C(F)(F)F)C(F)(F)F,3.48,C7H13F6NO4S3,7.0,13.0,1.0,4.0,3.0,0.0,6.0,0.0,0.0,0.0
CCCCCCCCC=CCCCCCCCC1=[N+](CC)CCN1CCO,CCOS(=O)(=O)[O-],CCCCCCCCC=CCCCCCCCC1=[N+](CC)CCN1CCO.CCOS(=O)(=O)[O-],0.068185862,C26H52N2O5S,26.0,52.0,2.0,5.0,1.0,0.0,0.0,0.0,0.0,0.0
CCCCCCCCCCCOC[n+]1cccc(O)c1,[Cl-],CCCCCCCCCCCOC[n+]1cccc(O)c1.[Cl-],1.6,C17H30ClNO2,17.0,30.0,1.0,2.0,0.0,0.0,0.0,1.0,0.0,0.0
CCCCCCCC[n+]1ccc(C)cc1,[Cl-],CCCCCCCC[n+]1ccc(C)cc1.[Cl-],2.97,C14H24ClN,14.0,24.0,1.0,0.0,0.0,0.0,0.0,1.0,0.0,0.0
CCCCCCCC[N+]1(C)CCCC1,[Cl-],CCCCCCCC[N+]1(C)CCCC1.[Cl-],2.59,C13H28ClN,13.0,28.0,1.0,0.0,0.0,0.0,0.0,1.0,0.0,0.0
CCCCC[n+]1ccccc1,O=S(=O)([N-]S(=O)(=O)C(F)(F)F)C(F)(F)F,CCCCC[n+]1ccccc1.O=S(=O)([N-]S(=O)(=O)C(F)(F)F)C(F)(F)F,2.85,C12H16F6N2O4S2,12.0,16.0,2.0,4.0,2.0,0.0,6.0,0.0,0.0,0.0
CCCCCCCn1cc[n+](C)c1,F[P-](F)(F)(F)(F)F,CCCCCCCn1cc[n+](C)c1.F[P-](F)(F)(F)(F)F,2.3,C11H21F6N2P,11.0,21.0,2.0,0.0,0.0,1.0,6.0,0.0,0.0,0.0
CCCCCC[n+]1cccc2ccccc21,F[B-](F)(F)F,CCCCCC[n+]1cccc2ccccc21.F[B-](F)(F)F,1.07,C15H20BF4N,15.0,20.0,1.0,0.0,0.0,0.0,4.0,0.0,0.0,0.0
CC[N+](C)(C)CCCOC,[Cl-],CC[N+](C)(C)CCCOC.[Cl-],4.9,C8H20ClNO,8.0,20.0,1.0,1.0,0.0,0.0,0.0,1.0,0.0,0.0
CCOCC[N+]1(C)CCOCC1,O=S(=O)([N-]S(=O)(=O)C(F)(F)F)C(F)(F)F,CCOCC[N+]1(C)CCOCC1.O=S(=O)([N-]S(=O)(=O)C(F)(F)F)C(F)(F)F,3.69,C11H20F6N2O6S2,11.0,20.0,2.0,6.0,2.0,0.0,6.0,0.0,0.0,0.0
Cn1cc[n+](CCCO)c1,[Cl-],Cn1cc[n+](CCCO)c1.[Cl-],3.09,C7H13ClN2O,7.0,13.0,2.0,1.0,0.0,0.0,0.0,1.0,0.0,0.0
C[N+](C)(C)CCO,O=C([O-])CO,C[N+](C)(C)CCO.O=C([O-])CO,3.89,C7H17NO4,7.0,17.0,1.0,4.0,0.0,0.0,0.0,0.0,0.0,0.0
CCCCCC[n+]1ccc(C)cc1,[Cl-],CCCCCC[n+]1ccc(C)cc1.[Cl-],2.67,C12H20ClN,12.0,20.0,1.0,0.0,0.0,0.0,0.0,1.0,0.0,0.0
CCCCCCCCCn1cc[n+](C)c1,F[B-](F)(F)F,CCCCCCCCCn1cc[n+](C)c1.F[B-](F)(F)F,1.65,C13H25BF4N2,13.0,25.0,2.0,0.0,0.0,0.0,4.0,0.0,0.0,0.0
CCCCCCCC[n+]1cccc2ccccc21,F[B-](F)(F)F,CCCCCCCC[n+]1cccc2ccccc21.F[B-](F)(F)F,0.17,C17H24BF4N,17.0,24.0,1.0,0.0,0.0,0.0,4.0,0.0,0.0,0.0
C[N+]1(Cc2ccccc2)CCOCC1,O=C1[N-]S(=O)(=O)c2ccccc21,C[N+]1(Cc2ccccc2)CCOCC1.O=C1[N-]S(=O)(=O)c2ccccc21,3.5,C19H22N2O4S,19.0,22.0,2.0,4.0,1.0,0.0,0.0,0.0,0.0,0.0
C[N+]1(Cc2ccccc2)CCOCC1,C/C=C/C(=O)[O-],C[N+]1(Cc2ccccc2)CCOCC1.C/C=C/C(=O)[O-],4.15,C16H23NO3,16.0,23.0,1.0,3.0,0.0,0.0,0.0,0.0,0.0,0.0
CCCC[n+]1ccc(C)cc1,F[P-](F)(F)(F)(F)F,CCCC[n+]1ccc(C)cc1.F[P-](F)(F)(F)(F)F,3.3,C10H16F6NP,10.0,16.0,1.0,0.0,0.0,1.0,6.0,0.0,0.0,0.0
Cc1ccc(Cn2cc[n+](C)c2)cc1,F[B-](F)(F)F,Cc1ccc(Cn2cc[n+](C)c2)cc1.F[B-](F)(F)F,2.67,C12H15BF4N2,12.0,15.0,2.0,0.0,0.0,0.0,4.0,0.0,0.0,0.0
CCCCn1cc[n+](C)c1,O=S(=O)([O-])O,CCCCn1cc[n+](C)c1.O=S(=O)([O-])O,3.28780173,C8H16N2O4S,8.0,16.0,2.0,4.0,1.0,0.0,0.0,0.0,0.0,0.0
CC[n+]1ccc(N(C)C)cc1,[Br-],CC[n+]1ccc(N(C)C)cc1.[Br-],2.9,C9H15BrN2,9.0,15.0,2.0,0.0,0.0,0.0,0.0,0.0,1.0,0.0
COCC[N+]1(C)CCCCC1,O=S(=O)([N-]S(=O)(=O)C(F)(F)F)C(F)(F)F,COCC[N+]1(C)CCCCC1.O=S(=O)([N-]S(=O)(=O)C(F)(F)F)C(F)(F)F,3.25,C11H20F6N2O5S2,11.0,20.0,2.0,5.0,2.0,0.0,6.0,0.0,0.0,0.0
C[n+]1ccn(CCO)c1,F[B-](F)(F)F,C[n+]1ccn(CCO)c1.F[B-](F)(F)F,3.482873584,C6H11BF4N2O,6.0,11.0,2.0,1.0,0.0,0.0,4.0,0.0,0.0,0.0
CCCCCCCCCCCCCCCC[N+](C)(C)Cc1ccccc1,[Cl-],CCCCCCCCCCCCCCCC[N+](C)(C)Cc1ccccc1.[Cl-],0.33,C25H46ClN,25.0,46.0,1.0,0.0,0.0,0.0,0.0,1.0,0.0,0.0
CCCCn1cc[n+](C)c1,[Br-],CCCCn1cc[n+](C)c1.[Br-],3.426511261,C8H15BrN2,8.0,15.0,2.0,0.0,0.0,0.0,0.0,0.0,1.0,0.0
COCCn1cc[n+](C)c1,[Cl-],COCCn1cc[n+](C)c1.[Cl-],4.6,C7H13ClN2O,7.0,13.0,2.0,1.0,0.0,0.0,0.0,1.0,0.0,0.0
CCCCCCn1cc[n+](C)c1,O=S1(=O)N=C([O-])c2ccccc21,CCCCCCn1cc[n+](C)c1.O=S1(=O)N=C([O-])c2ccccc21,2.29,C17H23N3O3S,17.0,23.0,3.0,3.0,1.0,0.0,0.0,0.0,0.0,0.0
C[N+]1(Cc2ccccc2)CCOCC1,CCC(CC)C(=O)[O-],C[N+]1(Cc2ccccc2)CCOCC1.CCC(CC)C(=O)[O-],4.13,C18H29NO3,18.0,29.0,1.0,3.0,0.0,0.0,0.0,0.0,0.0,0.0
CCCC[n+]1cccc(C)c1,[Cl-],CCCC[n+]1cccc(C)c1.[Cl-],3.86,C10H16ClN,10.0,16.0,1.0,0.0,0.0,0.0,0.0,1.0,0.0,0.0
OCCC[n+]1ccccc1,O=S(=O)([N-]S(=O)(=O)C(F)(F)F)C(F)(F)F,OCCC[n+]1ccccc1.O=S(=O)([N-]S(=O)(=O)C(F)(F)F)C(F)(F)F,3.55,C10H12F6N2O5S2,10.0,12.0,2.0,5.0,2.0,0.0,6.0,0.0,0.0,0.0
CCCn1cc[n+](C)c1,F[P-](F)(F)(F)(F)F,CCCn1cc[n+](C)c1.F[P-](F)(F)(F)(F)F,3.3,C7H13F6N2P,7.0,13.0,2.0,0.0,0.0,1.0,6.0,0.0,0.0,0.0
CCCCCCOC[n+]1cccc(O)c1,O=C1[N-]S(=O)(=O)c2ccccc21,CCCCCCOC[n+]1cccc(O)c1.O=C1[N-]S(=O)(=O)c2ccccc21,3.3,C19H24N2O5S,19.0,24.0,2.0,5.0,1.0,0.0,0.0,0.0,0.0,0.0
C[n+]1ccn(CCCCCCCC(=O)O)c1,[Br-],C[n+]1ccn(CCCCCCCC(=O)O)c1.[Br-],3.78,C12H21BrN2O2,12.0,21.0,2.0,2.0,0.0,0.0,0.0,0.0,1.0,0.0
C[NH+](C)CCO,CC(=O)[O-],C[NH+](C)CCO.CC(=O)[O-],3.39,C6H15NO3,6.0,15.0,1.0,3.0,0.0,0.0,0.0,0.0,0.0,0.0
CCCn1cc[n+](C)c1,F[B-](F)(F)F,CCCn1cc[n+](C)c1.F[B-](F)(F)F,3.45484486,C7H13BF4N2,7.0,13.0,2.0,0.0,0.0,0.0,4.0,0.0,0.0,0.0
CCCC[n+]1ccc(C)c(C)c1,F[B-](F)(F)F,CCCC[n+]1ccc(C)c(C)c1.F[B-](F)(F)F,3.02,C11H18BF4N,11.0,18.0,1.0,0.0,0.0,0.0,4.0,0.0,0.0,0.0
CCCC[n+]1cc(C)cc(C)c1,F[B-](F)(F)F,CCCC[n+]1cc(C)cc(C)c1.F[B-](F)(F)F,3.26,C11H18BF4N,11.0,18.0,1.0,0.0,0.0,0.0,4.0,0.0,0.0,0.0
COCCC[n+]1ccccc1,O=S(=O)([N-]S(=O)(=O)C(F)(F)F)C(F)(F)F,COCCC[n+]1ccccc1.O=S(=O)([N-]S(=O)(=O)C(F)(F)F)C(F)(F)F,3.38,C11H14F6N2O5S2,11.0,14.0,2.0,5.0,2.0,0.0,6.0,0.0,0.0,0.0
CCn1cc[n+](C)c1,O=S(=O)([O-])C(F)(F)F,CCn1cc[n+](C)c1.O=S(=O)([O-])C(F)(F)F,4.086359831,C7H11F3N2O3S,7.0,11.0,2.0,3.0,1.0,0.0,3.0,0.0,0.0,0.0
CCCn1cc[n+](C)c1,F[B-](F)(F)F,CCCn1cc[n+](C)c1.F[B-](F)(F)F,3.45,C7H13BF4N2,7.0,13.0,2.0,0.0,0.0,0.0,4.0,0.0,0.0,0.0
CCCCn1cc[n+](C)c1,O=S(=O)([N-]S(=O)(=O)C(F)(F)F)C(F)(F)F,CCCCn1cc[n+](C)c1.O=S(=O)([N-]S(=O)(=O)C(F)(F)F)C(F)(F)F,2.682145076,C10H15F6N3O4S2,10.0,15.0,3.0,4.0,2.0,0.0,6.0,0.0,0.0,0.0
C[N+]1(CCCO)CCCC1,[Cl-],C[N+]1(CCCO)CCCC1.[Cl-],4.6,C8H18ClNO,8.0,18.0,1.0,1.0,0.0,0.0,0.0,1.0,0.0,0.0
CCCC[n+]1ccccc1,[Br-],CCCC[n+]1ccccc1.[Br-],3.9,C9H14BrN,9.0,14.0,1.0,0.0,0.0,0.0,0.0,0.0,1.0,0.0
CCCCCC[n+]1ccn(C)c1C,F[B-](F)(F)F,CCCCCC[n+]1ccn(C)c1C.F[B-](F)(F)F,1.9,C11H21BF4N2,11.0,21.0,2.0,0.0,0.0,0.0,4.0,0.0,0.0,0.0
CCCC[N+]1(C)CCCC1,F[B-](F)(F)F,CCCC[N+]1(C)CCCC1.F[B-](F)(F)F,2.9,C9H20BF4N,9.0,20.0,1.0,0.0,0.0,0.0,4.0,0.0,0.0,0.0
CCCC[n+]1ccc(C)cc1,[Cl-],CCCC[n+]1ccc(C)cc1.[Cl-],3.32,C10H16ClN,10.0,16.0,1.0,0.0,0.0,0.0,0.0,1.0,0.0,0.0
CN(C)c1cc[n+](C)cc1,[I-],CN(C)c1cc[n+](C)cc1.[I-],2.89,C8H13IN2,8.0,13.0,2.0,0.0,0.0,0.0,0.0,0.0,0.0,1.0
CCn1cc[n+](C)c1,F[B-](F)(F)F,CCn1cc[n+](C)c1.F[B-](F)(F)F,3.44,C6H11BF4N2,6.0,11.0,2.0,0.0,0.0,0.0,4.0,0.0,0.0,0.0
CCOCC[NH+](C)C,[Cl-],CCOCC[NH+](C)C.[Cl-],4.6,C6H16ClNO,6.0,16.0,1.0,1.0,0.0,0.0,0.0,1.0,0.0,0.0
CCCC[N+](CCCC)(CCCC)CCCC,c1ccc2c(c1)O[B-]1(O2)Oc2ccccc2O1,CCCC[N+](CCCC)(CCCC)CCCC.c1ccc2c(c1)O[B-]1(O2)Oc2ccccc2O1,1.61,C28H44BNO4,28.0,44.0,1.0,4.0,0.0,0.0,0.0,0.0,0.0,0.0
CCCC[n+]1ccc(N(C)C)cc1,O=S(=O)([N-]S(=O)(=O)C(F)(F)F)C(F)(F)F,CCCC[n+]1ccc(N(C)C)cc1.O=S(=O)([N-]S(=O)(=O)C(F)(F)F)C(F)(F)F,1.82,C13H19F6N3O4S2,13.0,19.0,3.0,4.0,2.0,0.0,6.0,0.0,0.0,0.0
O=S(=O)(O)CCC[n+]1ccccc1,O=S(=O)([O-])C(F)(F)F,O=S(=O)(O)CCC[n+]1ccccc1.O=S(=O)([O-])C(F)(F)F,3.9,C9H12F3NO6S2,9.0,12.0,1.0,6.0,2.0,0.0,3.0,0.0,0.0,0.0
Cc1ccc(Cn2cc[n+](C)c2)cc1,[Cl-],Cc1ccc(Cn2cc[n+](C)c2)cc1.[Cl-],2.64,C12H15ClN2,12.0,15.0,2.0,0.0,0.0,0.0,0.0,1.0,0.0,0.0
CCCCn1cc[n+](C)c1,CCCCCCCCOS(=O)(=O)[O-],CCCCn1cc[n+](C)c1.CCCCCCCCOS(=O)(=O)[O-],3.225309282,C16H32N2O4S,16.0,32.0,2.0,4.0,1.0,0.0,0.0,0.0,0.0,0.0
C[n+]1ccn(CCO)c1,[I-],C[n+]1ccn(CCO)c1.[I-],4.6,C6H11IN2O,6.0,11.0,2.0,1.0,0.0,0.0,0.0,0.0,0.0,1.0
CCOC[N+]1(C)CCCC1,[Cl-],CCOC[N+]1(C)CCCC1.[Cl-],3.05,C8H18ClNO,8.0,18.0,1.0,1.0,0.0,0.0,0.0,1.0,0.0,0.0
CCCCCCCCCCCCCCCCn1cc[n+](C)c1,[Cl-],CCCCCCCCCCCCCCCCn1cc[n+](C)c1.[Cl-],-0.24,C20H39ClN2,20.0,39.0,2.0,0.0,0.0,0.0,0.0,1.0,0.0,0.0
CCCCCCCCCCn1cc[n+](CCCCCCCCCC)c1C,O=S(=O)([N-]S(=O)(=O)C(F)(F)F)C(F)(F)F,CCCCCCCCCCn1cc[n+](CCCCCCCCCC)c1C.O=S(=O)([N-]S(=O)(=O)C(F)(F)F)C(F)(F)F,-0.128427064,C26H47F6N3O4S2,26.0,47.0,3.0,4.0,2.0,0.0,6.0,0.0,0.0,0.0
CCCCCCCC[n+]1ccccc1,[Cl-],CCCCCCCC[n+]1ccccc1.[Cl-],1.27,C13H22ClN,13.0,22.0,1.0,0.0,0.0,0.0,0.0,1.0,0.0,0.0
CCCOC[n+]1cccc(O)c1,[Cl-],CCCOC[n+]1cccc(O)c1.[Cl-],2.9,C9H14ClNO2,9.0,14.0,1.0,2.0,0.0,0.0,0.0,1.0,0.0,0.0
CCOCC[n+]1ccccc1,O=S(=O)([N-]S(=O)(=O)C(F)(F)F)C(F)(F)F,CCOCC[n+]1ccccc1.O=S(=O)([N-]S(=O)(=O)C(F)(F)F)C(F)(F)F,3.26,C11H14F6N2O5S2,11.0,14.0,2.0,5.0,2.0,0.0,6.0,0.0,0.0,0.0
CCn1cc[n+](C)c1,O=C([O-])C(F)(F)F,CCn1cc[n+](C)c1.O=C([O-])C(F)(F)F,4.004321374,C8H11F3N2O2,8.0,11.0,2.0,2.0,0.0,0.0,3.0,0.0,0.0,0.0
CCCC[n+]1ccccc1,[Cl-],CCCC[n+]1ccccc1.[Cl-],3.77,C9H14ClN,9.0,14.0,1.0,0.0,0.0,0.0,0.0,1.0,0.0,0.0
CCCCCCCOC[n+]1cccc(O)c1,CC1=CC(=O)[N-]S(=O)(=O)O1,CCCCCCCOC[n+]1cccc(O)c1.CC1=CC(=O)[N-]S(=O)(=O)O1,3.0,C17H26N2O6S,17.0,26.0,2.0,6.0,1.0,0.0,0.0,0.0,0.0,0.0
CCCCCC[n+]1ccc(N(C)C)cc1,O=S(=O)([N-]S(=O)(=O)C(F)(F)F)C(F)(F)F,CCCCCC[n+]1ccc(N(C)C)cc1.O=S(=O)([N-]S(=O)(=O)C(F)(F)F)C(F)(F)F,0.93,C15H23F6N3O4S2,15.0,23.0,3.0,4.0,2.0,0.0,6.0,0.0,0.0,0.0
C[n+]1ccn(CCCO)c1,[Cl-],C[n+]1ccn(CCCO)c1.[Cl-],4.6,C7H13ClN2O,7.0,13.0,2.0,1.0,0.0,0.0,0.0,1.0,0.0,0.0
CCCCn1cc[n+](C)c1,COCCOCCOS(=O)(=O)[O-],CCCCn1cc[n+](C)c1.COCCOCCOS(=O)(=O)[O-],3.15,C13H26N2O6S,13.0,26.0,2.0,6.0,1.0,0.0,0.0,0.0,0.0,0.0
CCCCCCCCCCCCCC[P+](CCCCCC)(CCCCCC)CCCCCC,O=S(=O)([N-]S(=O)(=O)C(F)(F)F)C(F)(F)F,CCCCCCCCCCCCCC[P+](CCCCCC)(CCCCCC)CCCCCC.O=S(=O)([N-]S(=O)(=O)C(F)(F)F)C(F)(F)F,0.24,C34H68F6NO4PS2,34.0,68.0,1.0,4.0,2.0,1.0,6.0,0.0,0.0,0.0
CCCC[n+]1ccccc1,F[B-](F)(F)F,CCCC[n+]1ccccc1.F[B-](F)(F)F,3.16,C9H14BF4N,9.0,14.0,1.0,0.0,0.0,0.0,4.0,0.0,0.0,0.0
CCCCCCn1cc[n+](C)c1,O=C1[N-]S(=O)(=O)c2ccccc21,CCCCCCn1cc[n+](C)c1.O=C1[N-]S(=O)(=O)c2ccccc21,2.307496038,C17H23N3O3S,17.0,23.0,3.0,3.0,1.0,0.0,0.0,0.0,0.0,0.0
CCn1cc[n+](C)c1,O=C([O-])C(F)(F)F,CCn1cc[n+](C)c1.O=C([O-])C(F)(F)F,4.0,C8H11F3N2O2,8.0,11.0,2.0,2.0,0.0,0.0,3.0,0.0,0.0,0.0
CCCCCC[n+]1ccccc1,O=S(=O)([O-])C(F)(F)F,CCCCCC[n+]1ccccc1.O=S(=O)([O-])C(F)(F)F,2.54,C12H18F3NO3S,12.0,18.0,1.0,3.0,1.0,0.0,3.0,0.0,0.0,0.0
CCn1cc[n+](C)c1,N#C[B-](C#N)(C#N)C#N,CCn1cc[n+](C)c1.N#C[B-](C#N)(C#N)C#N,3.5,C10H11BN6,10.0,11.0,6.0,0.0,0.0,0.0,0.0,0.0,0.0,0.0
CCOCC[N+](C)(C)CC,[Cl-],CCOCC[N+](C)(C)CC.[Cl-],4.6,C8H20ClNO,8.0,20.0,1.0,1.0,0.0,0.0,0.0,1.0,0.0,0.0
CCCCCCCn1cc[n+](C)c1,F[B-](F)(F)F,CCCCCCCn1cc[n+](C)c1.F[B-](F)(F)F,2.58,C11H21BF4N2,11.0,21.0,2.0,0.0,0.0,0.0,4.0,0.0,0.0,0.0
CCCCn1cc[n+](C)c1,[I-],CCCCn1cc[n+](C)c1.[I-],3.48,C8H15IN2,8.0,15.0,2.0,0.0,0.0,0.0,0.0,0.0,0.0,1.0
CCCCCCCC[n+]1cccc(C)c1,[Cl-],CCCCCCCC[n+]1cccc(C)c1.[Cl-],1.47,C14H24ClN,14.0,24.0,1.0,0.0,0.0,0.0,0.0,1.0,0.0,0.0
CCCCC[n+]1ccccc1,[Br-],CCCCC[n+]1ccccc1.[Br-],3.15,C10H16BrN,10.0,16.0,1.0,0.0,0.0,0.0,0.0,0.0,1.0,0.0
CCCC[n+]1cccc2ccccc21,[Br-],CCCC[n+]1cccc2ccccc21.[Br-],2.32,C13H16BrN,13.0,16.0,1.0,0.0,0.0,0.0,0.0,0.0,1.0,0.0
CCCCCCCCn1cc[n+](C)c1,[Cl-],CCCCCCCCn1cc[n+](C)c1.[Cl-],2.0,C12H23ClN2,12.0,23.0,2.0,0.0,0.0,0.0,0.0,1.0,0.0,0.0
CCCCCCCC[n+]1ccc(C)cc1,F[B-](F)(F)F,CCCCCCCC[n+]1ccc(C)cc1.F[B-](F)(F)F,1.49,C14H24BF4N,14.0,24.0,1.0,0.0,0.0,0.0,4.0,0.0,0.0,0.0
CCn1cc[n+](C)c1,O=C1O[B-]2(OC1=O)OC(=O)C(=O)O2,CCn1cc[n+](C)c1.O=C1O[B-]2(OC1=O)OC(=O)C(=O)O2,2.93,C10H11BN2O8,10.0,11.0,2.0,8.0,0.0,0.0,0.0,0.0,0.0,0.0
C[N+]1(CCO)CCOCC1,[I-],C[N+]1(CCO)CCOCC1.[I-],4.6,C7H16INO2,7.0,16.0,1.0,2.0,0.0,0.0,0.0,0.0,0.0,1.0
COCCCn1cc[n+](C)c1,O=S(=O)([N-]S(=O)(=O)C(F)(F)F)C(F)(F)F,COCCCn1cc[n+](C)c1.O=S(=O)([N-]S(=O)(=O)C(F)(F)F)C(F)(F)F,3.342422681,C10H15F6N3O5S2,10.0,15.0,3.0,5.0,2.0,0.0,6.0,0.0,0.0,0.0
CCCCCCn1cc[n+](CC)c1,[Br-],CCCCCCn1cc[n+](CC)c1.[Br-],2.01,C11H21BrN2,11.0,21.0,2.0,0.0,0.0,0.0,0.0,0.0,1.0,0.0
CCCCCC[N+]1(C)CCCC1,[Cl-],CCCCCC[N+]1(C)CCCC1.[Cl-],2.91,C11H24ClN,11.0,24.0,1.0,0.0,0.0,0.0,0.0,1.0,0.0,0.0
CCCCn1cc[n+](C)c1,COCCOCCOS(=O)(=O)[O-],CCCCn1cc[n+](C)c1.COCCOCCOS(=O)(=O)[O-],3.158362492,C13H26N2O6S,13.0,26.0,2.0,6.0,1.0,0.0,0.0,0.0,0.0,0.0
CCCCCCn1cc[n+](C)c1,F[B-](F)(F)F,CCCCCCn1cc[n+](C)c1.F[B-](F)(F)F,2.980003372,C10H19BF4N2,10.0,19.0,2.0,0.0,0.0,0.0,4.0,0.0,0.0,0.0
CCCC[N+]1(C)CCCC1,FC(F)(F)C(F)(F)[P-](F)(F)(F)(C(F)(F)C(F)(F)F)C(F)(F)C(F)(F)F,CCCC[N+]1(C)CCCC1.FC(F)(F)C(F)(F)[P-](F)(F)(F)(C(F)(F)C(F)(F)F)C(F)(F)C(F)(F)F,2.41,C15H20F18NP,15.0,20.0,1.0,0.0,0.0,1.0,18.0,0.0,0.0,0.0
CCCC[N+](C)(C)C,O=S(=O)([N-]S(=O)(=O)C(F)(F)F)C(F)(F)F,CCCC[N+](C)(C)C.O=S(=O)([N-]S(=O)(=O)C(F)(F)F)C(F)(F)F,3.61,C9H18F6N2O4S2,9.0,18.0,2.0,4.0,2.0,0.0,6.0,0.0,0.0,0.0
CCCC[n+]1ccc(C)cc1,F[B-](F)(F)F,CCCC[n+]1ccc(C)cc1.F[B-](F)(F)F,2.98,C10H16BF4N,10.0,16.0,1.0,0.0,0.0,0.0,4.0,0.0,0.0,0.0
CCCCCCCC[n+]1ccc(C)cc1,[Cl-],CCCCCCCC[n+]1ccc(C)cc1.[Cl-],1.63,C14H24ClN,14.0,24.0,1.0,0.0,0.0,0.0,0.0,1.0,0.0,0.0
CCOC(=O)C[N+]1(C)CCCC1,O=S(=O)([N-]S(=O)(=O)C(F)(F)F)C(F)(F)F,CCOC(=O)C[N+]1(C)CCCC1.O=S(=O)([N-]S(=O)(=O)C(F)(F)F)C(F)(F)F,3.592176757,C11H18F6N2O6S2,11.0,18.0,2.0,6.0,2.0,0.0,6.0,0.0,0.0,0.0
CCCC[P+](CCCC)(CCCC)CCCC,c1ccc2c(c1)O[B-]1(O2)Oc2ccccc2O1,CCCC[P+](CCCC)(CCCC)CCCC.c1ccc2c(c1)O[B-]1(O2)Oc2ccccc2O1,1.32,C28H44BO4P,28.0,44.0,0.0,4.0,0.0,1.0,0.0,0.0,0.0,0.0
CCCCCCn1cc[n+](C)c1,FC(F)(F)C(F)(F)C(F)(F)[P-](F)(F)(F)(C(F)(F)C(F)(F)C(F)(F)F)C(F)(F)C(F)(F)C(F)(F)F,CCCCCCn1cc[n+](C)c1.FC(F)(F)C(F)(F)C(F)(F)[P-](F)(F)(F)(C(F)(F)C(F)(F)C(F)(F)F)C(F)(F)C(F)(F)C(F)(F)F,1.4,C19H19F24N2P,19.0,19.0,2.0,0.0,0.0,1.0,24.0,0.0,0.0,0.0
CC[n+]1ccc(N(C)C)cc1,O=S(=O)([N-]S(=O)(=O)C(F)(F)F)C(F)(F)F,CC[n+]1ccc(N(C)C)cc1.O=S(=O)([N-]S(=O)(=O)C(F)(F)F)C(F)(F)F,2.79,C11H15F6N3O4S2,11.0,15.0,3.0,4.0,2.0,0.0,6.0,0.0,0.0,0.0
CCCC[N+]1(C)CCCCC1,O=S(=O)([N-]S(=O)(=O)C(F)(F)F)C(F)(F)F,CCCC[N+]1(C)CCCCC1.O=S(=O)([N-]S(=O)(=O)C(F)(F)F)C(F)(F)F,3.41,C12H22F6N2O4S2,12.0,22.0,2.0,4.0,2.0,0.0,6.0,0.0,0.0,0.0
CCn1cc[n+](C)c1,CC(=O)[O-],CCn1cc[n+](C)c1.CC(=O)[O-],4.23,C8H14N2O2,8.0,14.0,2.0,2.0,0.0,0.0,0.0,0.0,0.0,0.0
CCn1cc[n+](C)c1,CC(=O)[O-],CCn1cc[n+](C)c1.CC(=O)[O-],4.225309282,C8H14N2O2,8.0,14.0,2.0,2.0,0.0,0.0,0.0,0.0,0.0,0.0
C[N+]1(CC#N)CCCC1,O=S(=O)([N-]S(=O)(=O)C(F)(F)F)C(F)(F)F,C[N+]1(CC#N)CCCC1.O=S(=O)([N-]S(=O)(=O)C(F)(F)F)C(F)(F)F,3.8,C9H13F6N3O4S2,9.0,13.0,3.0,4.0,2.0,0.0,6.0,0.0,0.0,0.0
CC[N+](C)(C)CC#N,O=S(=O)([N-]S(=O)(=O)C(F)(F)F)C(F)(F)F,CC[N+](C)(C)CC#N.O=S(=O)([N-]S(=O)(=O)C(F)(F)F)C(F)(F)F,3.86,C8H13F6N3O4S2,8.0,13.0,3.0,4.0,2.0,0.0,6.0,0.0,0.0,0.0
OCC[NH+](CCO)CCO,CCCC(=O)[O-],OCC[NH+](CCO)CCO.CCCC(=O)[O-],3.394451681,C10H23NO5,10.0,23.0,1.0,5.0,0.0,0.0,0.0,0.0,0.0,0.0
CCOC[n+]1ccccc1,[Cl-],CCOC[n+]1ccccc1.[Cl-],3.32,C8H12ClNO,8.0,12.0,1.0,1.0,0.0,0.0,0.0,1.0,0.0,0.0
CCCCCCn1cc[n+](C)c1,O=S(=O)([N-]S(=O)(=O)C(F)(F)F)C(F)(F)F,CCCCCCn1cc[n+](C)c1.O=S(=O)([N-]S(=O)(=O)C(F)(F)F)C(F)(F)F,2.243038049,C12H19F6N3O4S2,12.0,19.0,3.0,4.0,2.0,0.0,6.0,0.0,0.0,0.0
Cn1cc[n+](CCO)c1,O=S(=O)([N-]S(=O)(=O)C(F)(F)F)C(F)(F)F,Cn1cc[n+](CCO)c1.O=S(=O)([N-]S(=O)(=O)C(F)(F)F)C(F)(F)F,3.763427994,C8H11F6N3O5S2,8.0,11.0,3.0,5.0,2.0,0.0,6.0,0.0,0.0,0.0
CCCCCCCCn1cc[n+](C)c1,F[B-](F)(F)F,CCCCCCCCn1cc[n+](C)c1.F[B-](F)(F)F,1.59,C12H23BF4N2,12.0,23.0,2.0,0.0,0.0,0.0,4.0,0.0,0.0,0.0
CCCCCCn1cc[n+](C)c1,O=S(=O)([C-](S(=O)(=O)C(F)(F)F)S(=O)(=O)C(F)(F)F)C(F)(F)F,CCCCCCn1cc[n+](C)c1.O=S(=O)([C-](S(=O)(=O)C(F)(F)F)S(=O)(=O)C(F)(F)F)C(F)(F)F,3.44,C14H19F9N2O6S3,14.0,19.0,2.0,6.0,3.0,0.0,9.0,0.0,0.0,0.0
C[N+]1(CCO)CCCC1,[I-],C[N+]1(CCO)CCCC1.[I-],4.6,C7H16INO,7.0,16.0,1.0,1.0,0.0,0.0,0.0,0.0,0.0,1.0
COCC[N+]1(C)CCCCC1,O=S(=O)([N-]S(=O)(=O)C(F)(F)F)C(F)(F)F,COCC[N+]1(C)CCCCC1.O=S(=O)([N-]S(=O)(=O)C(F)(F)F)C(F)(F)F,3.28,C11H20F6N2O5S2,11.0,20.0,2.0,5.0,2.0,0.0,6.0,0.0,0.0,0.0
CC[N+](C)(C)CC#N,[Cl-],CC[N+](C)(C)CC#N.[Cl-],4.6,C6H13ClN2,6.0,13.0,2.0,0.0,0.0,0.0,0.0,1.0,0.0,0.0
CCOC[N+]1(C)CCCC1,O=S(=O)([N-]S(=O)(=O)C(F)(F)F)C(F)(F)F,CCOC[N+]1(C)CCCC1.O=S(=O)([N-]S(=O)(=O)C(F)(F)F)C(F)(F)F,3.26,C10H18F6N2O5S2,10.0,18.0,2.0,5.0,2.0,0.0,6.0,0.0,0.0,0.0
CCn1cc[n+](C)c1,[Cl-],CCn1cc[n+](C)c1.[Cl-],3.86,C6H11ClN2,6.0,11.0,2.0,0.0,0.0,0.0,0.0,1.0,0.0,0.0
CCCCn1cc[n+](C)c1,FC(F)(F)C(F)(F)[P-](F)(F)(F)(C(F)(F)C(F)(F)F)C(F)(F)C(F)(F)F,CCCCn1cc[n+](C)c1.FC(F)(F)C(F)(F)[P-](F)(F)(F)(C(F)(F)C(F)(F)F)C(F)(F)C(F)(F)F,1.374748346,C14H15F18N2P,14.0,15.0,2.0,0.0,0.0,1.0,18.0,0.0,0.0,0.0
CCCCCCCCCCn1cc[n+](C)c1,F[P-](F)(F)(F)(F)F,CCCCCCCCCCn1cc[n+](C)c1.F[P-](F)(F)(F)(F)F,1.498310554,C14H27F6N2P,14.0,27.0,2.0,0.0,0.0,1.0,6.0,0.0,0.0,0.0
CC[N+](C)(C)CCCOC,O=S(=O)([N-]S(=O)(=O)C(F)(F)F)C(F)(F)F,CC[N+](C)(C)CCCOC.O=S(=O)([N-]S(=O)(=O)C(F)(F)F)C(F)(F)F,3.54,C10H20F6N2O5S2,10.0,20.0,2.0,5.0,2.0,0.0,6.0,0.0,0.0,0.0
N#CC[n+]1ccccc1,[Cl-],N#CC[n+]1ccccc1.[Cl-],3.79,C7H7ClN2,7.0,7.0,2.0,0.0,0.0,0.0,0.0,1.0,0.0,0.0
CCCCC[n+]1ccn(C)c1,F[P-](F)(F)(F)(F)F,CCCCC[n+]1ccn(C)c1.F[P-](F)(F)(F)(F)F,3.07,C9H17F6N2P,9.0,17.0,2.0,0.0,0.0,1.0,6.0,0.0,0.0,0.0
CC(=O)OCC[N+]1(C)CCCC1,FC(F)(F)C(F)(F)[P-](F)(F)(F)(C(F)(F)C(F)(F)F)C(F)(F)C(F)(F)F,CC(=O)OCC[N+]1(C)CCCC1.FC(F)(F)C(F)(F)[P-](F)(F)(F)(C(F)(F)C(F)(F)F)C(F)(F)C(F)(F)F,2.91,C15H18F18NO2P,15.0,18.0,1.0,2.0,0.0,1.0,18.0,0.0,0.0,0.0
CCCCCCn1cc[n+](C)c1,O=S(=O)([N-]S(=O)(=O)C(F)(F)F)C(F)(F)F,CCCCCCn1cc[n+](C)c1.O=S(=O)([N-]S(=O)(=O)C(F)(F)F)C(F)(F)F,2.24,C12H19F6N3O4S2,12.0,19.0,3.0,4.0,2.0,0.0,6.0,0.0,0.0,0.0
CCOCCn1cc[n+](C)c1,O=S(=O)([N-]S(=O)(=O)C(F)(F)F)C(F)(F)F,CCOCCn1cc[n+](C)c1.O=S(=O)([N-]S(=O)(=O)C(F)(F)F)C(F)(F)F,3.181843588,C10H15F6N3O5S2,10.0,15.0,3.0,5.0,2.0,0.0,6.0,0.0,0.0,0.0
CCCCCCCCCn1cc[n+](C)c1,[Cl-],CCCCCCCCCn1cc[n+](C)c1.[Cl-],1.399673721,C13H25ClN2,13.0,25.0,2.0,0.0,0.0,0.0,0.0,1.0,0.0,0.0
Cc1ccc(Cn2cc[n+](C)c2)cc1,F[P-](F)(F)(F)(F)F,Cc1ccc(Cn2cc[n+](C)c2)cc1.F[P-](F)(F)(F)(F)F,2.663700925,C12H15F6N2P,12.0,15.0,2.0,0.0,0.0,1.0,6.0,0.0,0.0,0.0
COCC[N+]1(C)CCCC1,O=S(=O)([N-]S(=O)(=O)C(F)(F)F)C(F)(F)F,COCC[N+]1(C)CCCC1.O=S(=O)([N-]S(=O)(=O)C(F)(F)F)C(F)(F)F,3.3,C10H18F6N2O5S2,10.0,18.0,2.0,5.0,2.0,0.0,6.0,0.0,0.0,0.0
CCOC(=O)C[N+](C)(C)CC,[Br-],CCOC(=O)C[N+](C)(C)CC.[Br-],3.85,C8H18BrNO2,8.0,18.0,1.0,2.0,0.0,0.0,0.0,0.0,1.0,0.0
C[n+]1ccn(Cc2ccccc2)c1,[Cl-],C[n+]1ccn(Cc2ccccc2)c1.[Cl-],3.3,C11H13ClN2,11.0,13.0,2.0,0.0,0.0,0.0,0.0,1.0,0.0,0.0
CCCC[N+](C)(C)CC,[Cl-],CCCC[N+](C)(C)CC.[Cl-],4.6,C8H20ClN,8.0,20.0,1.0,0.0,0.0,0.0,0.0,1.0,0.0,0.0
CCn1cc[n+](C)c1,CCOS(=O)(=O)[O-],CCn1cc[n+](C)c1.CCOS(=O)(=O)[O-],3.928395852,C8H16N2O4S,8.0,16.0,2.0,4.0,1.0,0.0,0.0,0.0,0.0,0.0
CCCCn1cc[n+](C)c1,[Cl-],CCCCn1cc[n+](C)c1.[Cl-],3.55,C8H15ClN2,8.0,15.0,2.0,0.0,0.0,0.0,0.0,1.0,0.0,0.0
CCOC[N+](C)(C)CC,[Cl-],CCOC[N+](C)(C)CC.[Cl-],3.59,C7H18ClNO,7.0,18.0,1.0,1.0,0.0,0.0,0.0,1.0,0.0,0.0
CCOCn1cc[n+](C)c1,[Cl-],CCOCn1cc[n+](C)c1.[Cl-],3.603144373,C7H13ClN2O,7.0,13.0,2.0,1.0,0.0,0.0,0.0,1.0,0.0,0.0
CCOC[N+]1(C)CCCCC1,[Cl-],CCOC[N+]1(C)CCCCC1.[Cl-],4.23,C9H20ClNO,9.0,20.0,1.0,1.0,0.0,0.0,0.0,1.0,0.0,0.0
CCOCn1cc[n+](C)c1,O=S(=O)([N-]S(=O)(=O)C(F)(F)F)C(F)(F)F,CCOCn1cc[n+](C)c1.O=S(=O)([N-]S(=O)(=O)C(F)(F)F)C(F)(F)F,3.201397124,C9H13F6N3O5S2,9.0,13.0,3.0,5.0,2.0,0.0,6.0,0.0,0.0,0.0
C[NH+]1C=CN=C1,F[B-](F)(F)F,C[NH+]1C=CN=C1.F[B-](F)(F)F,3.09,C4H7BF4N2,4.0,7.0,2.0,0.0,0.0,0.0,4.0,0.0,0.0,0.0
Cc1ccc(CN2C=C[NH+](C)C2)cc1,[Cl-],Cc1ccc(CN2C=C[NH+](C)C2)cc1.[Cl-],2.64,C12H17ClN2,12.0,17.0,2.0,0.0,0.0,0.0,0.0,1.0,0.0,0.0
CCCC[N+]1(C)CCOCC1,[Br-],CCCC[N+]1(C)CCOCC1.[Br-],4.6,C9H20BrNO,9.0,20.0,1.0,1.0,0.0,0.0,0.0,0.0,1.0,0.0
COCCCn1cc[n+](C)c1,[Cl-],COCCCn1cc[n+](C)c1.[Cl-],4.79,C8H15ClN2O,8.0,15.0,2.0,1.0,0.0,0.0,0.0,1.0,0.0,0.0
CCCCCCOC[n+]1cccc(O)c1,CC1=CC(=O)[N-]S(=O)(=O)O1,CCCCCCOC[n+]1cccc(O)c1.CC1=CC(=O)[N-]S(=O)(=O)O1,3.4,C16H24N2O6S,16.0,24.0,2.0,6.0,1.0,0.0,0.0,0.0,0.0,0.0
CCOCC[n+]1ccccc1,[Br-],CCOCC[n+]1ccccc1.[Br-],4.24,C9H14BrNO,9.0,14.0,1.0,1.0,0.0,0.0,0.0,0.0,1.0,0.0
CCCCCCCn1cc[n+](C)c1,[Cl-],CCCCCCCn1cc[n+](C)c1.[Cl-],2.53,C11H21ClN2,11.0,21.0,2.0,0.0,0.0,0.0,0.0,1.0,0.0,0.0
CCCOC[n+]1cccc(O)c1,CC1=CC(=O)[N-]S(=O)(=O)O1,CCCOC[n+]1cccc(O)c1.CC1=CC(=O)[N-]S(=O)(=O)O1,3.5,C13H18N2O6S,13.0,18.0,2.0,6.0,1.0,0.0,0.0,0.0,0.0,0.0
OCC[NH2+]CCO,CCCC(=O)[O-],OCC[NH2+]CCO.CCCC(=O)[O-],3.245512668,C8H19NO4,8.0,19.0,1.0,4.0,0.0,0.0,0.0,0.0,0.0,0.0
COCC[n+]1ccccc1,[Cl-],COCC[n+]1ccccc1.[Cl-],4.6,C8H12ClNO,8.0,12.0,1.0,1.0,0.0,0.0,0.0,1.0,0.0,0.0
COCCC[N+]1(C)CCOCC1,[Cl-],COCCC[N+]1(C)CCOCC1.[Cl-],4.6,C9H20ClNO2,9.0,20.0,1.0,2.0,0.0,0.0,0.0,1.0,0.0,0.0
CCCCC[n+]1ccn(C)c1,[Cl-],CCCCC[n+]1ccn(C)c1.[Cl-],3.16,C9H17ClN2,9.0,17.0,2.0,0.0,0.0,0.0,0.0,1.0,0.0,0.0
CCCCCCC[NH+]1C=CN(C)C1,[Cl-],CCCCCCC[NH+]1C=CN(C)C1.[Cl-],2.53,C11H23ClN2,11.0,23.0,2.0,0.0,0.0,0.0,0.0,1.0,0.0,0.0
CC[N+](C)(C)CCOC,O=S(=O)([N-]S(=O)(=O)C(F)(F)F)C(F)(F)F,CC[N+](C)(C)CCOC.O=S(=O)([N-]S(=O)(=O)C(F)(F)F)C(F)(F)F,3.3,C9H18F6N2O5S2,9.0,18.0,2.0,5.0,2.0,0.0,6.0,0.0,0.0,0.0
CCCCCC[n+]1ccccc1,[Cl-],CCCCCC[n+]1ccccc1.[Cl-],2.8,C11H18ClN,11.0,18.0,1.0,0.0,0.0,0.0,0.0,1.0,0.0,0.0
CCCC[n+]1ccccc1C,F[B-](F)(F)F,CCCC[n+]1ccccc1C.F[B-](F)(F)F,3.25,C10H16BF4N,10.0,16.0,1.0,0.0,0.0,0.0,4.0,0.0,0.0,0.0
CCOC[N+]1(C)CCOCC1,[Cl-],CCOC[N+]1(C)CCOCC1.[Cl-],3.52,C8H18ClNO2,8.0,18.0,1.0,2.0,0.0,0.0,0.0,1.0,0.0,0.0
C[n+]1ccn(Cc2ccccc2)c1,F[P-](F)(F)(F)(F)F,C[n+]1ccn(Cc2ccccc2)c1.F[P-](F)(F)(F)(F)F,3.3,C11H13F6N2P,11.0,13.0,2.0,0.0,0.0,1.0,6.0,0.0,0.0,0.0
[NH3+]CCCO,O=C[O-],[NH3+]CCCO.O=C[O-],4.490660653,C4H11NO3,4.0,11.0,1.0,3.0,0.0,0.0,0.0,0.0,0.0,0.0
COCCC[N+]1(C)CCCCC1,O=S(=O)([N-]S(=O)(=O)C(F)(F)F)C(F)(F)F,COCCC[N+]1(C)CCCCC1.O=S(=O)([N-]S(=O)(=O)C(F)(F)F)C(F)(F)F,3.27,C12H22F6N2O5S2,12.0,22.0,2.0,5.0,2.0,0.0,6.0,0.0,0.0,0.0
OCC[NH2+]CCO,CCC(=O)[O-],OCC[NH2+]CCO.CCC(=O)[O-],3.767155866,C7H17NO4,7.0,17.0,1.0,4.0,0.0,0.0,0.0,0.0,0.0,0.0
C[n+]1ccn(CCCCCCCCO)c1,[Br-],C[n+]1ccn(CCCCCCCCO)c1.[Br-],2.357934847,C12H23BrN2O,12.0,23.0,2.0,1.0,0.0,0.0,0.0,0.0,1.0,0.0
CCCC[n+]1ccccc1C,[Cl-],CCCC[n+]1ccccc1C.[Cl-],3.75,C10H16ClN,10.0,16.0,1.0,0.0,0.0,0.0,0.0,1.0,0.0,0.0
CCCC[N+]1(C)CCCC1,N#C[N-]C#N,CCCC[N+]1(C)CCCC1.N#C[N-]C#N,4.23,C11H20N4,11.0,20.0,4.0,0.0,0.0,0.0,0.0,0.0,0.0,0.0
C[N+]1(Cc2ccccc2)CCOCC1,O=C[O-],C[N+]1(Cc2ccccc2)CCOCC1.O=C[O-],4.1,C13H19NO3,13.0,19.0,1.0,3.0,0.0,0.0,0.0,0.0,0.0,0.0
CCCCCCCCCCn1cc[n+](C)c1,F[B-](F)(F)F,CCCCCCCCCCn1cc[n+](C)c1.F[B-](F)(F)F,0.769377326,C14H27BF4N2,14.0,27.0,2.0,0.0,0.0,0.0,4.0,0.0,0.0,0.0
CCCCCCCCCCn1cc[n+](CC)c1,[Br-],CCCCCCCCCCn1cc[n+](CC)c1.[Br-],0.53,C15H29BrN2,15.0,29.0,2.0,0.0,0.0,0.0,0.0,0.0,1.0,0.0
CCCC[n+]1cccc(C)c1,F[B-](F)(F)F,CCCC[n+]1cccc(C)c1.F[B-](F)(F)F,3.3,C10H16BF4N,10.0,16.0,1.0,0.0,0.0,0.0,4.0,0.0,0.0,0.0
[NH3+]CCCO,CCCC(=O)[O-],[NH3+]CCCO.CCCC(=O)[O-],3.260071388,C7H17NO3,7.0,17.0,1.0,3.0,0.0,0.0,0.0,0.0,0.0,0.0
CCCCCCCCCCCCCCCCn1cc[n+](C)c1,[Cl-],CCCCCCCCCCCCCCCCn1cc[n+](C)c1.[Cl-],-0.240332155,C20H39ClN2,20.0,39.0,2.0,0.0,0.0,0.0,0.0,1.0,0.0,0.0
CCCC[n+]1ccc(C)c(C)c1,[Cl-],CCCC[n+]1ccc(C)c(C)c1.[Cl-],3.05,C11H18ClN,11.0,18.0,1.0,0.0,0.0,0.0,0.0,1.0,0.0,0.0
CCn1cc[n+](C)c1,F[P-](F)(F)(F)(F)F,CCn1cc[n+](C)c1.F[P-](F)(F)(F)(F)F,3.918030337,C6H11F6N2P,6.0,11.0,2.0,0.0,0.0,1.0,6.0,0.0,0.0,0.0
CCCCCCCCCCCCCC[N+](C)(C)Cc1ccccc1,[Cl-],CCCCCCCCCCCCCC[N+](C)(C)Cc1ccccc1.[Cl-],0.16,C23H42ClN,23.0,42.0,1.0,0.0,0.0,0.0,0.0,1.0,0.0,0.0
C[n+]1ccn(CCCCO)c1,[Cl-],C[n+]1ccn(CCCCO)c1.[Cl-],3.78,C8H15ClN2O,8.0,15.0,2.0,1.0,0.0,0.0,0.0,1.0,0.0,0.0
C[n+]1ccn(CCCC(=O)O)c1,[Cl-],C[n+]1ccn(CCCC(=O)O)c1.[Cl-],3.78,C8H13ClN2O2,8.0,13.0,2.0,2.0,0.0,0.0,0.0,1.0,0.0,0.0
CCCC[N+](C)(C)CC,O=S(=O)([N-]S(=O)(=O)C(F)(F)F)C(F)(F)F,CCCC[N+](C)(C)CC.O=S(=O)([N-]S(=O)(=O)C(F)(F)F)C(F)(F)F,3.53,C10H20F6N2O4S2,10.0,20.0,2.0,4.0,2.0,0.0,6.0,0.0,0.0,0.0
CCCCCCCC[N+]1(C)CCCC1,F[B-](F)(F)F,CCCCCCCC[N+]1(C)CCCC1.F[B-](F)(F)F,1.82,C13H28BF4N,13.0,28.0,1.0,0.0,0.0,0.0,4.0,0.0,0.0,0.0
CCCCCCCCn1cc[n+](C)c1,F[B-](F)(F)F,CCCCCCCCn1cc[n+](C)c1.F[B-](F)(F)F,1.591064607,C12H23BF4N2,12.0,23.0,2.0,0.0,0.0,0.0,4.0,0.0,0.0,0.0
CCCCCCCCCCCCCCCCCCn1cc[n+](C)c1,[Cl-],CCCCCCCCCCCCCCCCCCn1cc[n+](C)c1.[Cl-],0.012837225,C22H43ClN2,22.0,43.0,2.0,0.0,0.0,0.0,0.0,1.0,0.0,0.0
CCCOC[n+]1cccc(O)c1,O=C1[N-]S(=O)(=O)c2ccccc21,CCCOC[n+]1cccc(O)c1.O=C1[N-]S(=O)(=O)c2ccccc21,3.6,C16H18N2O5S,16.0,18.0,2.0,5.0,1.0,0.0,0.0,0.0,0.0,0.0
CCCCCCCCn1cc[n+](C)c1,F[P-](F)(F)(F)(F)F,CCCCCCCCn1cc[n+](C)c1.F[P-](F)(F)(F)(F)F,1.96,C12H23F6N2P,12.0,23.0,2.0,0.0,0.0,1.0,6.0,0.0,0.0,0.0
C[N+]1(CC#N)CCCCC1,O=S(=O)([N-]S(=O)(=O)C(F)(F)F)C(F)(F)F,C[N+]1(CC#N)CCCCC1.O=S(=O)([N-]S(=O)(=O)C(F)(F)F)C(F)(F)F,4.0,C10H15F6N3O4S2,10.0,15.0,3.0,4.0,2.0,0.0,6.0,0.0,0.0,0.0
COCC[N+]1(C)CCCCC1,[Br-],COCC[N+]1(C)CCCCC1.[Br-],4.6,C9H20BrNO,9.0,20.0,1.0,1.0,0.0,0.0,0.0,0.0,1.0,0.0
CCCC[N+]1(C)CCCCC1,[Br-],CCCC[N+]1(C)CCCCC1.[Br-],4.03,C10H22BrN,10.0,22.0,1.0,0.0,0.0,0.0,0.0,0.0,1.0,0.0
C[N+]1(C#N)CCOCC1,O=S(=O)([N-]S(=O)(=O)C(F)(F)F)C(F)(F)F,C[N+]1(C#N)CCOCC1.O=S(=O)([N-]S(=O)(=O)C(F)(F)F)C(F)(F)F,3.53,C8H11F6N3O5S2,8.0,11.0,3.0,5.0,2.0,0.0,6.0,0.0,0.0,0.0
OCCC[n+]1ccccc1,[Cl-],OCCC[n+]1ccccc1.[Cl-],4.6,C8H12ClNO,8.0,12.0,1.0,1.0,0.0,0.0,0.0,1.0,0.0,0.0
CCCCCCn1cc[n+](CC)c1,F[B-](F)(F)F,CCCCCCn1cc[n+](CC)c1.F[B-](F)(F)F,2.26,C11H21BF4N2,11.0,21.0,2.0,0.0,0.0,0.0,4.0,0.0,0.0,0.0
C[N+]1(CCCO)CCOCC1,O=S(=O)([N-]S(=O)(=O)C(F)(F)F)C(F)(F)F,C[N+]1(CCCO)CCOCC1.O=S(=O)([N-]S(=O)(=O)C(F)(F)F)C(F)(F)F,3.53,C10H18F6N2O6S2,10.0,18.0,2.0,6.0,2.0,0.0,6.0,0.0,0.0,0.0
COCCn1cc[n+](C)c1,O=S(=O)([N-]S(=O)(=O)C(F)(F)F)C(F)(F)F,COCCn1cc[n+](C)c1.O=S(=O)([N-]S(=O)(=O)C(F)(F)F)C(F)(F)F,3.250420002,C9H13F6N3O5S2,9.0,13.0,3.0,5.0,2.0,0.0,6.0,0.0,0.0,0.0
C[n+]1ccn(Cc2ccccc2)c1,F[B-](F)(F)F,C[n+]1ccn(Cc2ccccc2)c1.F[B-](F)(F)F,2.974050903,C11H13BF4N2,11.0,13.0,2.0,0.0,0.0,0.0,4.0,0.0,0.0,0.0
C[N+]1(Cc2ccccc2)CCOCC1,CCCCCC(=O)[O-],C[N+]1(Cc2ccccc2)CCOCC1.CCCCCC(=O)[O-],3.63,C18H29NO3,18.0,29.0,1.0,3.0,0.0,0.0,0.0,0.0,0.0,0.0
CCCCCCCCCC[N+](C)(C)Cc1ccccc1,[Cl-],CCCCCCCCCC[N+](C)(C)Cc1ccccc1.[Cl-],0.64,C19H34ClN,19.0,34.0,1.0,0.0,0.0,0.0,0.0,1.0,0.0,0.0
CC[N+](C)(C)CCO,O=S(=O)([N-]S(=O)(=O)C(F)(F)F)C(F)(F)F,CC[N+](C)(C)CCO.O=S(=O)([N-]S(=O)(=O)C(F)(F)F)C(F)(F)F,3.7,C8H16F6N2O5S2,8.0,16.0,2.0,5.0,2.0,0.0,6.0,0.0,0.0,0.0
CCCC[N+](CCCC)(CCCC)CCCC,[Br-],CCCC[N+](CCCC)(CCCC)CCCC.[Br-],2.25,C16H36BrN,16.0,36.0,1.0,0.0,0.0,0.0,0.0,0.0,1.0,0.0
CC[N+](C)(C)CCOC,[Cl-],CC[N+](C)(C)CCOC.[Cl-],4.6,C7H18ClNO,7.0,18.0,1.0,1.0,0.0,0.0,0.0,1.0,0.0,0.0
CC[N+](C)(C)CCO,[I-],CC[N+](C)(C)CCO.[I-],4.6,C6H16INO,6.0,16.0,1.0,1.0,0.0,0.0,0.0,0.0,0.0,1.0
CC[N+](C)(C)CCCO,O=S(=O)([N-]S(=O)(=O)C(F)(F)F)C(F)(F)F,CC[N+](C)(C)CCCO.O=S(=O)([N-]S(=O)(=O)C(F)(F)F)C(F)(F)F,3.83,C9H18F6N2O5S2,9.0,18.0,2.0,5.0,2.0,0.0,6.0,0.0,0.0,0.0
[NH3+]CCO,O=C[O-],[NH3+]CCO.O=C[O-],4.15,C3H9NO3,3.0,9.0,1.0,3.0,0.0,0.0,0.0,0.0,0.0,0.0
CCCCCCCCCCCC[N+](C)(C)Cc1ccccc1,[Cl-],CCCCCCCCCCCC[N+](C)(C)Cc1ccccc1.[Cl-],0.28,C21H38ClN,21.0,38.0,1.0,0.0,0.0,0.0,0.0,1.0,0.0,0.0
CC[N+](CC)(CC)CC,[Cl-],CC[N+](CC)(CC)CC.[Cl-],3.78,C8H20ClN,8.0,20.0,1.0,0.0,0.0,0.0,0.0,1.0,0.0,0.0
C[N+](C)(C)C,FC(F)(F)C(F)(F)[P-](F)(F)(F)(C(F)(F)C(F)(F)F)C(F)(F)C(F)(F)F,C[N+](C)(C)C.FC(F)(F)C(F)(F)[P-](F)(F)(F)(C(F)(F)C(F)(F)F)C(F)(F)C(F)(F)F,2.03,C10H12F18NP,10.0,12.0,1.0,0.0,0.0,1.0,18.0,0.0,0.0,0.0
CCCCCCCCn1cc[n+](C)c1,[Cl-],CCCCCCCCn1cc[n+](C)c1.[Cl-],2.012837225,C12H23ClN2,12.0,23.0,2.0,0.0,0.0,0.0,0.0,1.0,0.0,0.0
CCCCCCCCCCn1cc[n+](C)c1,[Cl-],CCCCCCCCCCn1cc[n+](C)c1.[Cl-],1.34,C14H27ClN2,14.0,27.0,2.0,0.0,0.0,0.0,0.0,1.0,0.0,0.0
CCCCn1cc[n+](C)c1,F[P-](F)(F)(F)(F)F,CCCCn1cc[n+](C)c1.F[P-](F)(F)(F)(F)F,3.096910013,C8H15F6N2P,8.0,15.0,2.0,0.0,0.0,1.0,6.0,0.0,0.0,0.0
COC(C)Cn1cc[n+](C)c1,O=S(=O)([N-]S(=O)(=O)C(F)(F)F)C(F)(F)F,COC(C)Cn1cc[n+](C)c1.O=S(=O)([N-]S(=O)(=O)C(F)(F)F)C(F)(F)F,3.342422681,C10H15F6N3O5S2,10.0,15.0,3.0,5.0,2.0,0.0,6.0,0.0,0.0,0.0
COC(C)Cn1cc[n+](C)c1,[Cl-],COC(C)Cn1cc[n+](C)c1.[Cl-],4.49,C8H15ClN2O,8.0,15.0,2.0,1.0,0.0,0.0,0.0,1.0,0.0,0.0
CCCCn1cc[n+](CC)c1,O=C([O-])C(F)(F)F,CCCCn1cc[n+](CC)c1.O=C([O-])C(F)(F)F,3.31386722,C11H17F3N2O2,11.0,17.0,2.0,2.0,0.0,0.0,3.0,0.0,0.0,0.0
CCCCn1cc[n+](CC)c1,O=S(=O)([O-])C(F)(F)F,CCCCn1cc[n+](CC)c1.O=S(=O)([O-])C(F)(F)F,3.426511261,C10H17F3N2O3S,10.0,17.0,2.0,3.0,1.0,0.0,3.0,0.0,0.0,0.0
CCCCn1cc[n+](C)c1,O=S(=O)([O-])C(F)(F)F,CCCCn1cc[n+](C)c1.O=S(=O)([O-])C(F)(F)F,3.021189299,C9H15F3N2O3S,9.0,15.0,2.0,3.0,1.0,0.0,3.0,0.0,0.0,0.0
CCCCn1cc[n+](C)c1,N#C[S-],CCCCn1cc[n+](C)c1.N#C[S-],3.416640507,C9H15N3S,9.0,15.0,3.0,0.0,1.0,0.0,0.0,0.0,0.0,0.0
CCn1cc[n+](C)c1,Cc1ccc(S(=O)(=O)[O-])cc1,CCn1cc[n+](C)c1.Cc1ccc(S(=O)(=O)[O-])cc1,3.81,C13H18N2O3S,13.0,18.0,2.0,3.0,1.0,0.0,0.0,0.0,0.0,0.0
C[n+]1ccn(CCc2ccccc2)c1,F[P-](F)(F)(F)(F)F,C[n+]1ccn(CCc2ccccc2)c1.F[P-](F)(F)(F)(F)F,2.92788341,C12H15F6N2P,12.0,15.0,2.0,0.0,0.0,1.0,6.0,0.0,0.0,0.0
CCCCCCn1cc[n+](C)c1,FC(F)(F)C(F)(F)[P-](F)(F)(F)(C(F)(F)C(F)(F)F)C(F)(F)C(F)(F)F,CCCCCCn1cc[n+](C)c1.FC(F)(F)C(F)(F)[P-](F)(F)(F)(C(F)(F)C(F)(F)F)C(F)(F)C(F)(F)F,1.428134794,C16H19F18N2P,16.0,19.0,2.0,0.0,0.0,1.0,18.0,0.0,0.0,0.0
CCn1cc[n+](C)c1,O=P([O-])(C(F)(F)C(F)(F)F)C(F)(F)C(F)(F)F,CCn1cc[n+](C)c1.O=P([O-])(C(F)(F)C(F)(F)F)C(F)(F)C(F)(F)F,2.832508913,C10H11F10N2O2P,10.0,11.0,2.0,2.0,0.0,1.0,10.0,0.0,0.0,0.0
CCCn1cc[n+](C)c1,[Cl-],CCCn1cc[n+](C)c1.[Cl-],4.6,C7H13ClN2,7.0,13.0,2.0,0.0,0.0,0.0,0.0,1.0,0.0,0.0
C[n+]1ccn(CCC(F)(F)C(F)(F)C(F)(F)C(F)(F)C(F)(F)C(F)(F)F)c1,F[P-](F)(F)(F)(F)F,C[n+]1ccn(CCC(F)(F)C(F)(F)C(F)(F)C(F)(F)C(F)(F)C(F)(F)F)c1.F[P-](F)(F)(F)(F)F,1.939019776,C12H10F19N2P,12.0,10.0,2.0,0.0,0.0,1.0,19.0,0.0,0.0,0.0
CC(=O)CCn1cc[n+](C)c1,[Br-],CC(=O)CCn1cc[n+](C)c1.[Br-],3.78,C8H13BrN2O,8.0,13.0,2.0,1.0,0.0,0.0,0.0,0.0,1.0,0.0
CCCCn1cc[n+](C)c1,Cc1ccc(S(=O)(=O)[O-])cc1,CCCCn1cc[n+](C)c1.Cc1ccc(S(=O)(=O)[O-])cc1,3.290034611,C15H22N2O3S,15.0,22.0,2.0,3.0,1.0,0.0,0.0,0.0,0.0,0.0
CC[N+]1(C)CCOCC1,Cc1ccc(S(=O)(=O)[O-])cc1,CC[N+]1(C)CCOCC1.Cc1ccc(S(=O)(=O)[O-])cc1,3.81,C14H23NO4S,14.0,23.0,1.0,4.0,1.0,0.0,0.0,0.0,0.0,0.0
COCC[N+]1(C)CCOCC1,O=S(=O)([N-]S(=O)(=O)C(F)(F)F)C(F)(F)F,COCC[N+]1(C)CCOCC1.O=S(=O)([N-]S(=O)(=O)C(F)(F)F)C(F)(F)F,3.81,C10H18F6N2O6S2,10.0,18.0,2.0,6.0,2.0,0.0,6.0,0.0,0.0,0.0
COCC[N+]1(C)CCOCC1,[Cl-],COCC[N+]1(C)CCOCC1.[Cl-],4.6,C8H18ClNO2,8.0,18.0,1.0,2.0,0.0,0.0,0.0,1.0,0.0,0.0
CCOCC[N+]1(C)CCOCC1,[Br-],CCOCC[N+]1(C)CCOCC1.[Br-],4.6,C9H20BrNO2,9.0,20.0,1.0,2.0,0.0,0.0,0.0,0.0,1.0,0.0
C[N+]1(CC#N)CCOCC1,[Cl-],C[N+]1(CC#N)CCOCC1.[Cl-],4.6,C7H13ClN2O,7.0,13.0,2.0,1.0,0.0,0.0,0.0,1.0,0.0,0.0
C[N+]1(CCCO)CCOCC1,[Cl-],C[N+]1(CCCO)CCOCC1.[Cl-],4.6,C8H18ClNO2,8.0,18.0,1.0,2.0,0.0,0.0,0.0,1.0,0.0,0.0
C[N+]1(Cc2ccccc2)CCOCC1,F[B-](F)(F)F,C[N+]1(Cc2ccccc2)CCOCC1.F[B-](F)(F)F,2.61,C12H18BF4NO,12.0,18.0,1.0,1.0,0.0,0.0,4.0,0.0,0.0,0.0
C[N+]1(Cc2ccccc2)CCOCC1,O=S(=O)([O-])O,C[N+]1(Cc2ccccc2)CCOCC1.O=S(=O)([O-])O,3.64,C12H19NO5S,12.0,19.0,1.0,5.0,1.0,0.0,0.0,0.0,0.0,0.0
C[N+]1(Cc2ccccc2)CCOCC1,COCC(=O)[O-],C[N+]1(Cc2ccccc2)CCOCC1.COCC(=O)[O-],3.9,C15H23NO4,15.0,23.0,1.0,4.0,0.0,0.0,0.0,0.0,0.0,0.0
C[N+]1(Cc2ccccc2)CCOCC1,COCCOCC(=O)[O-],C[N+]1(Cc2ccccc2)CCOCC1.COCCOCC(=O)[O-],3.89,C17H27NO5,17.0,27.0,1.0,5.0,0.0,0.0,0.0,0.0,0.0,0.0
C[N+]1(Cc2ccccc2)CCOCC1,CCCCCCCC(=O)[O-],C[N+]1(Cc2ccccc2)CCOCC1.CCCCCCCC(=O)[O-],3.22,C20H33NO3,20.0,33.0,1.0,3.0,0.0,0.0,0.0,0.0,0.0,0.0
C[N+]1(Cc2ccccc2)CCOCC1,O=C([O-])c1ccccc1O,C[N+]1(Cc2ccccc2)CCOCC1.O=C([O-])c1ccccc1O,2.9,C19H23NO4,19.0,23.0,1.0,4.0,0.0,0.0,0.0,0.0,0.0,0.0
CCCCCCCCCCCCCC[P+](CCCCCC)(CCCCCC)CCCCCC,F[B-](F)(F)F,CCCCCCCCCCCCCC[P+](CCCCCC)(CCCCCC)CCCCCC.F[B-](F)(F)F,0.48,C32H68BF4P,32.0,68.0,0.0,0.0,0.0,1.0,4.0,0.0,0.0,0.0
CCCC[P+](CCCC)(CCCC)CCCC,[Br-],CCCC[P+](CCCC)(CCCC)CCCC.[Br-],1.66,C16H36BrP,16.0,36.0,0.0,0.0,0.0,1.0,0.0,0.0,1.0,0.0
OCC[NH2+]CCO,CC(C)C(=O)[O-],OCC[NH2+]CCO.CC(C)C(=O)[O-],3.474216264,C8H19NO4,8.0,19.0,1.0,4.0,0.0,0.0,0.0,0.0,0.0,0.0
C[N+]1(CCCO)CCCCC1,O=S(=O)([N-]S(=O)(=O)C(F)(F)F)C(F)(F)F,C[N+]1(CCCO)CCCCC1.O=S(=O)([N-]S(=O)(=O)C(F)(F)F)C(F)(F)F,3.63,C11H20F6N2O5S2,11.0,20.0,2.0,5.0,2.0,0.0,6.0,0.0,0.0,0.0
C[N+]1(CCO)CCCCC1,O=S(=O)([N-]S(=O)(=O)C(F)(F)F)C(F)(F)F,C[N+]1(CCO)CCCCC1.O=S(=O)([N-]S(=O)(=O)C(F)(F)F)C(F)(F)F,3.65,C10H18F6N2O5S2,10.0,18.0,2.0,5.0,2.0,0.0,6.0,0.0,0.0,0.0
CCOCC[N+]1(C)CCCCC1,[Br-],CCOCC[N+]1(C)CCCCC1.[Br-],4.31,C10H22BrNO,10.0,22.0,1.0,1.0,0.0,0.0,0.0,0.0,1.0,0.0
CCOC[N+]1(C)CCCCC1,O=S(=O)([N-]S(=O)(=O)C(F)(F)F)C(F)(F)F,CCOC[N+]1(C)CCCCC1.O=S(=O)([N-]S(=O)(=O)C(F)(F)F)C(F)(F)F,3.41,C11H20F6N2O5S2,11.0,20.0,2.0,5.0,2.0,0.0,6.0,0.0,0.0,0.0
OCC[n+]1ccccc1,[I-],OCC[n+]1ccccc1.[I-],4.16,C7H10INO,7.0,10.0,1.0,1.0,0.0,0.0,0.0,0.0,0.0,1.0
CCOC[n+]1ccccc1,O=S(=O)([N-]S(=O)(=O)C(F)(F)F)C(F)(F)F,CCOC[n+]1ccccc1.O=S(=O)([N-]S(=O)(=O)C(F)(F)F)C(F)(F)F,3.12,C10H12F6N2O5S2,10.0,12.0,2.0,5.0,2.0,0.0,6.0,0.0,0.0,0.0
CCCC[n+]1ccccc1,F[B-](F)(F)F,CCCC[n+]1ccccc1.F[B-](F)(F)F,3.6,C9H14BF4N,9.0,14.0,1.0,0.0,0.0,0.0,4.0,0.0,0.0,0.0
CCCC[n+]1ccc(N(C)C)cc1,[Cl-],CCCC[n+]1ccc(N(C)C)cc1.[Cl-],1.94,C11H19ClN2,11.0,19.0,2.0,0.0,0.0,0.0,0.0,1.0,0.0,0.0
COCCC[n+]1ccccc1,[Cl-],COCCC[n+]1ccccc1.[Cl-],4.6,C9H14ClNO,9.0,14.0,1.0,1.0,0.0,0.0,0.0,1.0,0.0,0.0
CCCC[n+]1cc(C)cc(C)c1,[Cl-],CCCC[n+]1cc(C)cc(C)c1.[Cl-],3.42,C11H18ClN,11.0,18.0,1.0,0.0,0.0,0.0,0.0,1.0,0.0,0.0
CCCC[n+]1ccc(C)cc1,N#C[B-](C#N)(C#N)C#N,CCCC[n+]1ccc(C)cc1.N#C[B-](C#N)(C#N)C#N,2.88,C14H16BN5,14.0,16.0,5.0,0.0,0.0,0.0,0.0,0.0,0.0,0.0
CCCC[n+]1ccccc1,COS(=O)(=O)[O-],CCCC[n+]1ccccc1.COS(=O)(=O)[O-],3.92,C10H17NO4S,10.0,17.0,1.0,4.0,1.0,0.0,0.0,0.0,0.0,0.0
CCCCOC[n+]1cccc(O)c1,CC1=CC(=O)[N-]S(=O)(=O)O1,CCCCOC[n+]1cccc(O)c1.CC1=CC(=O)[N-]S(=O)(=O)O1,3.7,C14H20N2O6S,14.0,20.0,2.0,6.0,1.0,0.0,0.0,0.0,0.0,0.0
CCCCCCCOC[n+]1cccc(O)c1,O=C1[N-]S(=O)(=O)c2ccccc21,CCCCCCCOC[n+]1cccc(O)c1.O=C1[N-]S(=O)(=O)c2ccccc21,3.0,C20H26N2O5S,20.0,26.0,2.0,5.0,1.0,0.0,0.0,0.0,0.0,0.0
CCCC[N+]1(C)CCCC1,O=S(=O)([N-]S(=O)(=O)C(F)(F)F)C(F)(F)F,CCCC[N+]1(C)CCCC1.O=S(=O)([N-]S(=O)(=O)C(F)(F)F)C(F)(F)F,3.01,C11H20F6N2O4S2,11.0,20.0,2.0,4.0,2.0,0.0,6.0,0.0,0.0,0.0
CCOCC[N+]1(C)CCCC1,O=S(=O)([N-]S(=O)(=O)C(F)(F)F)C(F)(F)F,CCOCC[N+]1(C)CCCC1.O=S(=O)([N-]S(=O)(=O)C(F)(F)F)C(F)(F)F,3.2,C11H20F6N2O5S2,11.0,20.0,2.0,5.0,2.0,0.0,6.0,0.0,0.0,0.0
CCCCCC[N+]1(CCCCCC)CCCC1,F[B-](F)(F)F,CCCCCC[N+]1(CCCCCC)CCCC1.F[B-](F)(F)F,1.23,C16H34BF4N,16.0,34.0,1.0,0.0,0.0,0.0,4.0,0.0,0.0,0.0
COCCC[N+]1(C)CCCC1,[Cl-],COCCC[N+]1(C)CCCC1.[Cl-],4.6,C9H20ClNO,9.0,20.0,1.0,1.0,0.0,0.0,0.0,1.0,0.0,0.0
CCCCn1cc[n+](C)c1,[Br-],CCCCn1cc[n+](C)c1.[Br-],3.43,C8H15BrN2,8.0,15.0,2.0,0.0,0.0,0.0,0.0,0.0,1.0,0.0
CCn1cc[n+](C)c1,CS(=O)(=O)[O-],CCn1cc[n+](C)c1.CS(=O)(=O)[O-],3.97,C7H14N2O3S,7.0,14.0,2.0,3.0,1.0,0.0,0.0,0.0,0.0,0.0
CCCC[n+]1ccn(CC)c1,F[B-](F)(F)F,CCCC[n+]1ccn(CC)c1.F[B-](F)(F)F,3.26,C9H17BF4N2,9.0,17.0,2.0,0.0,0.0,0.0,4.0,0.0,0.0,0.0
CCCCCCCCCC[N+](C)(C)Cc1ccccc1,[Cl-],CCCCCCCCCC[N+](C)(C)Cc1ccccc1.[Cl-],0.65,C19H34ClN,19.0,34.0,1.0,0.0,0.0,0.0,0.0,1.0,0.0,0.0
